#ifndef BMP_H
#define BMP_H

#include "stdint.h"

const uint8_t bmp[] = {
    0x24, 0x02, 0x30, 0x01, 0x00, 0x00, 0x22, 0x10, 0x00, 0x00, 0x00, 0x00,
    0x00, 0x00, 0x00, 0x00, 0x01, 0x10, 0x11, 0x12, 0x22, 0x11, 0x01, 0x10,
    0x22, 0x12, 0x22, 0x23, 0x20, 0x11, 0x68, 0x96, 0x89, 0x12, 0x22, 0x33,
    0x34, 0x42, 0x44, 0x11, 0x10, 0x00, 0x01, 0x00, 0x10, 0x11, 0x00, 0x10,
    0x00, 0x00, 0x10, 0x00, 0x00, 0x00, 0x00, 0x00, 0x00, 0x00, 0x00, 0x00,
    0x00, 0x00, 0x00, 0x01, 0x03, 0x44, 0x7A, 0xC5, 0x78, 0x01, 0x00, 0x00,
    0x00, 0x00, 0x00, 0x00, 0x01, 0x21, 0x11, 0x10, 0x00, 0x00, 0x00, 0x00,
    0x23, 0x30, 0x10, 0x00, 0x01, 0x22, 0x45, 0x61, 0x22, 0x00, 0x03, 0x44,
    0x23, 0x31, 0x11, 0x01, 0x01, 0x21, 0x12, 0x20, 0x00, 0x00, 0x00, 0x00,
    0x00, 0x01, 0x21, 0x01, 0x00, 0x00, 0x00, 0x00, 0x10, 0x45, 0x48, 0x88,
    0x23, 0x20, 0x10, 0x01, 0x02, 0x32, 0x23, 0x24, 0x43, 0x45, 0x44, 0x54,
    0x34, 0x34, 0x54, 0x01, 0x01, 0x21, 0x45, 0x42, 0x22, 0x00, 0x00, 0x00,
    0x11, 0x10, 0x00, 0x12, 0x10, 0x10, 0x00, 0x06, 0x66, 0x67, 0x72, 0x32,
    0x01, 0x10, 0x00, 0x00, 0x00, 0x00, 0x00, 0x00, 0x00, 0x00, 0x00, 0x00,
    0x00, 0x00, 0x00, 0x00, 0x00, 0x10, 0x11, 0x01, 0x11, 0x11, 0x11, 0x11,
    0x11, 0x11, 0x10, 0x00, 0x00, 0x00, 0x00, 0x00, 0x00, 0x00, 0x00, 0x00,
    0x00, 0x00, 0x00, 0x00, 0x00, 0x00, 0x23, 0x01, 0x20, 0x00, 0x00, 0x10,
    0x11, 0x12, 0x21, 0x00, 0x00, 0x00, 0x00, 0x00, 0x00, 0x00, 0x01, 0x10,
    0x33, 0x25, 0x54, 0x11, 0x11, 0x21, 0x33, 0x22, 0x32, 0x68, 0x85, 0x78,
    0x35, 0x53, 0x56, 0x46, 0x72, 0x44, 0x35, 0x51, 0x22, 0x11, 0x11, 0x11,
    0x00, 0x00, 0x00, 0x11, 0x02, 0x21, 0x12, 0x11, 0x21, 0x01, 0x00, 0x00,
    0x01, 0x00, 0x00, 0x01, 0x00, 0x10, 0x01, 0x00, 0x10, 0x11, 0x04, 0x54,
    0x58, 0x94, 0x67, 0x45, 0x62, 0x33, 0x00, 0x00, 0x00, 0x01, 0x01, 0x21,
    0x00, 0x00, 0x00, 0x00, 0x00, 0x00, 0x00, 0x04, 0x55, 0x00, 0x06, 0x8A,
    0x8B, 0xD1, 0x11, 0x00, 0x02, 0x33, 0x11, 0x10, 0x10, 0x01, 0x00, 0x11,
    0x01, 0x01, 0x11, 0x12, 0x21, 0x11, 0x00, 0x01, 0x10, 0x01, 0x00, 0x00,
    0x00, 0x01, 0x11, 0x66, 0x65, 0x55, 0x22, 0x21, 0x11, 0x00, 0x01, 0x21,
    0x23, 0x12, 0x32, 0x23, 0x22, 0x31, 0x23, 0x24, 0x54, 0x45, 0x48, 0x98,
    0xCD, 0xD6, 0x66, 0x01, 0x00, 0x10, 0x00, 0x00, 0x00, 0x00, 0x00, 0x00,
    0x12, 0x14, 0x54, 0x45, 0x51, 0x22, 0x00, 0x00, 0x00, 0x00, 0x00, 0x00,
    0x00, 0x00, 0x00, 0x00, 0x00, 0x00, 0x00, 0x00, 0x00, 0x00, 0x01, 0x10,
    0x11, 0x11, 0x11, 0x11, 0x11, 0x11, 0x11, 0x00, 0x10, 0x00, 0x00, 0x00,
    0x00, 0x00, 0x00, 0x00, 0x00, 0x00, 0x00, 0x00, 0x00, 0x11, 0x01, 0x11,
    0x22, 0x01, 0x10, 0x00, 0x00, 0x00, 0x00, 0x02, 0x21, 0x12, 0x11, 0x10,
    0x11, 0x00, 0x00, 0x22, 0x13, 0x32, 0x12, 0x12, 0x21, 0x33, 0x22, 0x32,
    0x34, 0x44, 0x44, 0x34, 0x34, 0x55, 0x46, 0x65, 0x78, 0x7A, 0xC8, 0xBD,
    0x45, 0x52, 0x22, 0x11, 0x00, 0x10, 0x00, 0x00, 0x00, 0x00, 0x01, 0x11,
    0x23, 0x22, 0x32, 0x11, 0x10, 0x00, 0x01, 0x00, 0x10, 0x01, 0x01, 0x21,
    0x22, 0x12, 0x31, 0x33, 0x15, 0x75, 0x9D, 0xE8, 0xBD, 0x79, 0xB6, 0x88,
    0x23, 0x30, 0x00, 0x00, 0x00, 0x00, 0x11, 0x10, 0x00, 0x00, 0x00, 0x00,
    0x23, 0x45, 0x66, 0x11, 0x19, 0xCE, 0x8A, 0xC0, 0x00, 0x00, 0x02, 0x22,
    0x01, 0x11, 0x21, 0x12, 0x11, 0x11, 0x11, 0x12, 0x33, 0x12, 0x21, 0x11,
    0x00, 0x01, 0x10, 0x01, 0x01, 0x10, 0x01, 0x01, 0x21, 0x55, 0x55, 0x65,
    0x22, 0x20, 0x10, 0x01, 0x01, 0x21, 0x33, 0x32, 0x22, 0x12, 0x10, 0x10,
    0x01, 0x03, 0x43, 0x44, 0x46, 0x77, 0x89, 0xA5, 0x67, 0x33, 0x41, 0x22,
    0x00, 0x00, 0x00, 0x00, 0x01, 0x10, 0x00, 0x01, 0x11, 0x00, 0x00, 0x00,
    0x11, 0x00, 0x00, 0x00, 0x00, 0x00, 0x11, 0x11, 0x10, 0x00, 0x00, 0x00,
    0x01, 0x01, 0x10, 0x11, 0x01, 0x11, 0x11, 0x11, 0x11, 0x11, 0x11, 0x11,
    0x00, 0x00, 0x00, 0x00, 0x00, 0x00, 0x00, 0x00, 0x00, 0x00, 0x00, 0x00,
    0x00, 0x00, 0x00, 0x11, 0x11, 0x11, 0x11, 0x00, 0x00, 0x00, 0x00, 0x00,
    0x01, 0x01, 0x10, 0x01, 0x01, 0x21, 0x11, 0x00, 0x00, 0x23, 0x15, 0x53,
    0x55, 0x43, 0x32, 0x22, 0x12, 0x21, 0x56, 0x75, 0x77, 0x23, 0x36, 0x89,
    0x7A, 0xB6, 0x9A, 0x9B, 0xD8, 0xAB, 0x45, 0x51, 0x21, 0x22, 0x13, 0x31,
    0x11, 0x00, 0x00, 0x01, 0x01, 0x10, 0x33, 0x21, 0x11, 0x01, 0x01, 0x11,
    0x11, 0x11, 0x10, 0x12, 0x23, 0x43, 0x33, 0x23, 0x32, 0x23, 0x14, 0x54,
    0xAD, 0xF9, 0xDF, 0x8B, 0xD7, 0x9A, 0x46, 0x60, 0x00, 0x00, 0x00, 0x00,
    0x00, 0x00, 0x00, 0x00, 0x00, 0x00, 0x23, 0x32, 0x33, 0x33, 0x3B, 0xDE,
    0x68, 0x90, 0x00, 0x11, 0x13, 0x44, 0x35, 0x51, 0x11, 0x11, 0x11, 0x22,
    0x11, 0x11, 0x21, 0x22, 0x22, 0x33, 0x00, 0x01, 0x11, 0x22, 0x25, 0x55,
    0x34, 0x31, 0x21, 0x33, 0x36, 0x66, 0x23, 0x21, 0x11, 0x01, 0x01, 0x21,
    0x34, 0x43, 0x45, 0x23, 0x22, 0x33, 0x45, 0x53, 0x44, 0x23, 0x33, 0x45,
    0x67, 0x85, 0x68, 0x67, 0x83, 0x34, 0x00, 0x00, 0x00, 0x00, 0x00, 0x00,
    0x00, 0x00, 0x00, 0x00, 0x00, 0x00, 0x00, 0x00, 0x00, 0x00, 0x00, 0x00,
    0x00, 0x00, 0x00, 0x00, 0x00, 0x00, 0x11, 0x01, 0x11, 0x11, 0x11, 0x11,
    0x11, 0x11, 0x11, 0x11, 0x00, 0x00, 0x00, 0x00, 0x00, 0x00, 0x00, 0x00,
    0x11, 0x01, 0x11, 0x00, 0x00, 0x00, 0x00, 0x00, 0x00, 0x00, 0x01, 0x11,
    0x11, 0x10, 0x00, 0x00, 0x00, 0x00, 0x00, 0x01, 0x11, 0x11, 0x01, 0x20,
    0x00, 0x00, 0x00, 0x22, 0x12, 0x21, 0x34, 0x23, 0x31, 0x33, 0x14, 0x54,
    0x67, 0x83, 0x55, 0x22, 0x25, 0x67, 0x79, 0xB7, 0xAB, 0x78, 0x82, 0x32,
    0x22, 0x11, 0x10, 0x22, 0x12, 0x21, 0x11, 0x01, 0x10, 0x00, 0x00, 0x00,
    0x11, 0x00, 0x10, 0x11, 0x03, 0x44, 0x68, 0x84, 0x53, 0x23, 0x24, 0x66,
    0x12, 0x11, 0x21, 0x11, 0x03, 0x53, 0x9B, 0xCA, 0xDF, 0xAD, 0xFA, 0xDF,
    0x45, 0x50, 0x10, 0x11, 0x11, 0x11, 0x00, 0x00, 0x00, 0x00, 0x00, 0x00,
    0x00, 0x00, 0x00, 0x66, 0x6B, 0xCC, 0x45, 0x50, 0x00, 0x44, 0x48, 0xBC,
    0x34, 0x42, 0x33, 0x12, 0x21, 0x22, 0x11, 0x12, 0x22, 0x01, 0x11, 0x11,
    0x00, 0x00, 0x10, 0x12, 0x14, 0x54, 0x66, 0x62, 0x32, 0x88, 0x88, 0x88,
    0x45, 0x41, 0x21, 0x11, 0x10, 0x10, 0x12, 0x13, 0x44, 0x56, 0x75, 0x67,
    0x67, 0x93, 0x45, 0x56, 0x76, 0x79, 0x78, 0x97, 0x79, 0x88, 0xA8, 0x89,
    0x23, 0x20, 0x00, 0x00, 0x00, 0x00, 0x00, 0x00, 0x00, 0x00, 0x00, 0x00,
    0x00, 0x00, 0x00, 0x00, 0x00, 0x00, 0x11, 0x01, 0x11, 0x11, 0x01, 0x10,
    0x11, 0x11, 0x11, 0x11, 0x11, 0x11, 0x12, 0x11, 0x11, 0x11, 0x01, 0x10,
    0x00, 0x00, 0x00, 0x00, 0x00, 0x00, 0x11, 0x11, 0x11, 0x00, 0x00, 0x00,
    0x00, 0x00, 0x00, 0x00, 0x01, 0x10, 0x11, 0x00, 0x00, 0x11, 0x00, 0x00,
    0x00, 0x01, 0x10, 0x11, 0x02, 0x21, 0x00, 0x00, 0x00, 0x11, 0x01, 0x10,
    0x11, 0x01, 0x10, 0x11, 0x04, 0x43, 0x45, 0x54, 0x55, 0x22, 0x21, 0x11,
    0x33, 0x32, 0x32, 0x33, 0x13, 0x31, 0x11, 0x01, 0x10, 0x01, 0x02, 0x21,
    0x55, 0x34, 0x32, 0x22, 0x11, 0x11, 0x00, 0x00, 0x00, 0x22, 0x17, 0x77,
    0xAC, 0xC6, 0x87, 0x56, 0x53, 0x43, 0x11, 0x02, 0x32, 0x12, 0x13, 0x42,
    0x68, 0x8A, 0xDF, 0xAC, 0xEA, 0xEF, 0x79, 0x92, 0x21, 0x00, 0x04, 0x44,
    0x22, 0x10, 0x00, 0x00, 0x00, 0x00, 0x00, 0x03, 0x33, 0xCC, 0xBC, 0xCC,
    0x22, 0x20, 0x00, 0x45, 0x53, 0x44, 0x56, 0x79, 0xCD, 0x8A, 0xB4, 0x55,
    0x23, 0x35, 0x67, 0x34, 0x42, 0x33, 0x00, 0x02, 0x32, 0x23, 0x25, 0x66,
    0x78, 0x74, 0x55, 0x45, 0x5A, 0xAA, 0x56, 0x63, 0x44, 0x33, 0x42, 0x22,
    0x11, 0x12, 0x33, 0x67, 0x86, 0x78, 0x34, 0x51, 0x11, 0x34, 0x47, 0x88,
    0x99, 0xAA, 0xAB, 0x99, 0x94, 0x44, 0x00, 0x00, 0x00, 0x00, 0x00, 0x00,
    0x00, 0x00, 0x00, 0x01, 0x01, 0x21, 0x00, 0x00, 0x00, 0x00, 0x00, 0x00,
    0x11, 0x11, 0x11, 0x11, 0x11, 0x11, 0x11, 0x11, 0x11, 0x11, 0x11, 0x21,
    0x12, 0x11, 0x11, 0x11, 0x11, 0x21, 0x11, 0x11, 0x11, 0x00, 0x00, 0x00,
    0x11, 0x11, 0x10, 0x00, 0x00, 0x00, 0x00, 0x00, 0x00, 0x00, 0x00, 0x10,
    0x00, 0x01, 0x10, 0x00, 0x00, 0x00, 0x01, 0x00, 0x00, 0x01, 0x01, 0x10,
    0x00, 0x00, 0x00, 0x00, 0x00, 0x10, 0x11, 0x00, 0x00, 0x00, 0x01, 0x10,
    0x33, 0x23, 0x32, 0x22, 0x12, 0x22, 0x11, 0x10, 0x10, 0x22, 0x12, 0x21,
    0x01, 0x00, 0x10, 0x11, 0x03, 0x31, 0x77, 0x36, 0x63, 0x33, 0x10, 0x00,
    0x00, 0x00, 0x00, 0x12, 0x05, 0x53, 0x8A, 0x9B, 0xEF, 0x68, 0x95, 0x65,
    0x44, 0x24, 0x42, 0x34, 0x23, 0x41, 0x79, 0x9A, 0xDF, 0x9C, 0xDA, 0xDE,
    0x67, 0x73, 0x33, 0x00, 0x04, 0x43, 0x55, 0x43, 0x44, 0x00, 0x00, 0x00,
    0x00, 0x0A, 0xA9, 0xEE, 0xDB, 0xBB, 0x00, 0x00, 0x00, 0x01, 0x18, 0x88,
    0x99, 0x9B, 0xBB, 0x78, 0x75, 0x55, 0x44, 0x45, 0x54, 0x77, 0x76, 0x66,
    0x00, 0x02, 0x22, 0x55, 0x5A, 0xBB, 0x9A, 0xAA, 0xBB, 0x9A, 0xAB, 0xCB,
    0x78, 0x82, 0x33, 0x22, 0x21, 0x22, 0x34, 0x44, 0x56, 0x56, 0x75, 0x68,
    0x45, 0x63, 0x33, 0x67, 0x7A, 0xAA, 0x99, 0x94, 0x44, 0x10, 0x00, 0x00,
    0x00, 0x00, 0x00, 0x00, 0x00, 0x00, 0x00, 0x00, 0x00, 0x00, 0x00, 0x00,
    0x00, 0x00, 0x00, 0x11, 0x01, 0x11, 0x11, 0x11, 0x11, 0x11, 0x11, 0x11,
    0x11, 0x11, 0x11, 0x11, 0x11, 0x21, 0x22, 0x11, 0x11, 0x11, 0x12, 0x22,
    0x11, 0x10, 0x00, 0x00, 0x00, 0x00, 0x00, 0x01, 0x10, 0x01, 0x01, 0x10,
    0x11, 0x00, 0x10, 0x00, 0x00, 0x00, 0x11, 0x02, 0x22, 0x11, 0x10, 0x00,
    0x12, 0x01, 0x20, 0x00, 0x00, 0x00, 0x00, 0x00, 0x00, 0x00, 0x00, 0x00,
    0x11, 0x00, 0x00, 0x01, 0x01, 0x10, 0x33, 0x14, 0x41, 0x12, 0x01, 0x10,
    0x11, 0x00, 0x00, 0x11, 0x00, 0x10, 0x00, 0x00, 0x10, 0x01, 0x02, 0x21,
    0x44, 0x25, 0x53, 0x22, 0x10, 0x00, 0x00, 0x01, 0x10, 0x33, 0x15, 0x53,
    0x78, 0x79, 0xBC, 0xAC, 0xE7, 0x98, 0x66, 0x34, 0x53, 0x44, 0x23, 0x42,
    0x8A, 0xA9, 0xBB, 0xAB, 0xB7, 0x87, 0x44, 0x22, 0x21, 0x00, 0x02, 0x21,
    0x55, 0x32, 0x22, 0x00, 0x00, 0x00, 0x11, 0x19, 0x98, 0xDD, 0xD6, 0x66,
    0x00, 0x00, 0x00, 0x55, 0x56, 0x66, 0x44, 0x46, 0x66, 0x66, 0x64, 0x44,
    0x45, 0x42, 0x22, 0x33, 0x33, 0x33, 0x23, 0x22, 0x22, 0x66, 0x69, 0x99,
    0x89, 0x89, 0x99, 0x9A, 0x9A, 0xAA, 0x78, 0x73, 0x33, 0x34, 0x44, 0x44,
    0x67, 0x77, 0x77, 0x77, 0x77, 0x88, 0x99, 0x99, 0xA9, 0x99, 0x94, 0x44,
    0x11, 0x10, 0x00, 0x00, 0x00, 0x00, 0x00, 0x00, 0x00, 0x00, 0x00, 0x00,
    0x00, 0x00, 0x00, 0x00, 0x00, 0x00, 0x00, 0x01, 0x10, 0x11, 0x11, 0x11,
    0x11, 0x11, 0x11, 0x11, 0x11, 0x11, 0x11, 0x11, 0x11, 0x11, 0x11, 0x11,
    0x11, 0x13, 0x32, 0x77, 0x6A, 0xAA, 0x33, 0x30, 0x00, 0x00, 0x00, 0x00,
    0x00, 0x01, 0x11, 0x11, 0x00, 0x10, 0x00, 0x01, 0x10, 0x11, 0x00, 0x00,
    0x11, 0x12, 0x21, 0x22, 0x11, 0x10, 0x11, 0x02, 0x20, 0x12, 0x00, 0x00,
    0x00, 0x00, 0x00, 0x00, 0x01, 0x10, 0x22, 0x03, 0x31, 0x22, 0x01, 0x10,
    0x11, 0x02, 0x21, 0x22, 0x12, 0x21, 0x11, 0x00, 0x00, 0x00, 0x00, 0x00,
    0x00, 0x00, 0x00, 0x00, 0x00, 0x10, 0x22, 0x13, 0x31, 0x11, 0x00, 0x00,
    0x11, 0x03, 0x31, 0x66, 0x47, 0x64, 0x89, 0x8A, 0xCD, 0xAB, 0xC7, 0x87,
    0x34, 0x25, 0x53, 0x66, 0x35, 0x63, 0x56, 0x47, 0x76, 0x99, 0x86, 0x64,
    0x44, 0x22, 0x21, 0x00, 0x00, 0x00, 0x22, 0x11, 0x10, 0x00, 0x00, 0x00,
    0x22, 0x28, 0x87, 0x66, 0x60, 0x00, 0x00, 0x04, 0x44, 0x88, 0x77, 0x77,
    0x55, 0x56, 0x65, 0x66, 0x63, 0x33, 0x22, 0x21, 0x11, 0x23, 0x25, 0x55,
    0x66, 0x64, 0x44, 0x66, 0x67, 0x77, 0x77, 0x77, 0x77, 0x77, 0x77, 0x77,
    0x66, 0x66, 0x66, 0x77, 0x77, 0x77, 0x88, 0x88, 0x88, 0x99, 0x99, 0x99,
    0x77, 0x74, 0x43, 0x00, 0x00, 0x00, 0x00, 0x00, 0x00, 0x00, 0x00, 0x00,
    0x00, 0x00, 0x00, 0x00, 0x00, 0x10, 0x00, 0x00, 0x00, 0x00, 0x00, 0x00,
    0x01, 0x01, 0x11, 0x11, 0x11, 0x11, 0x11, 0x11, 0x11, 0x11, 0x11, 0x11,
    0x11, 0x11, 0x11, 0x12, 0x14, 0x44, 0x88, 0x7B, 0xBA, 0xCC, 0xB5, 0x54,
    0x00, 0x00, 0x00, 0x00, 0x00, 0x00, 0x00, 0x00, 0x00, 0x00, 0x00, 0x00,
    0x00, 0x00, 0x00, 0x11, 0x10, 0x00, 0x00, 0x00, 0x00, 0x11, 0x01, 0x11,
    0x22, 0x11, 0x20, 0x00, 0x00, 0x00, 0x00, 0x01, 0x10, 0x22, 0x13, 0x31,
    0x12, 0x05, 0x52, 0x22, 0x11, 0x10, 0x11, 0x00, 0x00, 0x11, 0x02, 0x20,
    0x01, 0x00, 0x00, 0x00, 0x00, 0x00, 0x00, 0x00, 0x00, 0x00, 0x00, 0x00,
    0x11, 0x03, 0x31, 0x11, 0x00, 0x00, 0x00, 0x02, 0x21, 0x66, 0x37, 0x64,
    0x66, 0x47, 0x76, 0x66, 0x45, 0x53, 0x22, 0x15, 0x53, 0x45, 0x24, 0x52,
    0x56, 0x48, 0x86, 0x77, 0x65, 0x63, 0x56, 0x35, 0x53, 0x01, 0x00, 0x00,
    0x00, 0x00, 0x00, 0x00, 0x00, 0x00, 0x44, 0x44, 0x44, 0x00, 0x00, 0x00,
    0x33, 0x38, 0x77, 0x77, 0x77, 0x77, 0x77, 0x77, 0x77, 0x33, 0x30, 0x10,
    0x01, 0x01, 0x11, 0x33, 0x35, 0x55, 0x87, 0x78, 0x87, 0x88, 0x78, 0x87,
    0x88, 0x77, 0x77, 0x77, 0x77, 0x77, 0x77, 0x77, 0x77, 0x77, 0x78, 0x88,
    0x88, 0x85, 0x65, 0x33, 0x31, 0x11, 0x00, 0x00, 0x00, 0x00, 0x00, 0x00,
    0x00, 0x00, 0x00, 0x00, 0x00, 0x00, 0x00, 0x00, 0x00, 0x11, 0x01, 0x10,
    0x11, 0x00, 0x00, 0x00, 0x01, 0x11, 0x11, 0x11, 0x11, 0x11, 0x11, 0x11,
    0x11, 0x11, 0x11, 0x11, 0x11, 0x11, 0x11, 0x14, 0x44, 0x99, 0x8C, 0xCB,
    0xDD, 0xCD, 0xDB, 0xAA, 0x91, 0x21, 0x00, 0x00, 0x00, 0x00, 0x00, 0x00,
    0x00, 0x00, 0x00, 0x00, 0x00, 0x00, 0x00, 0x00, 0x00, 0x11, 0x01, 0x10,
    0x23, 0x38, 0x89, 0x88, 0x97, 0x89, 0x78, 0x88, 0x89, 0x88, 0x98, 0x89,
    0x78, 0x87, 0x78, 0x77, 0x87, 0x77, 0x67, 0x77, 0x87, 0x78, 0x76, 0x77,
    0x67, 0x75, 0x66, 0x56, 0x65, 0x66, 0x56, 0x65, 0x55, 0x55, 0x54, 0x44,
    0x34, 0x44, 0x55, 0x66, 0x67, 0x87, 0x77, 0x66, 0x66, 0x66, 0x65, 0x66,
    0x66, 0x66, 0x76, 0x88, 0x78, 0x87, 0x88, 0x78, 0x87, 0x88, 0x78, 0x87,
    0x45, 0x46, 0x65, 0x66, 0x56, 0x75, 0x77, 0x66, 0x65, 0x56, 0x55, 0x54,
    0x45, 0x35, 0x64, 0x45, 0x31, 0x11, 0x11, 0x11, 0x11, 0x11, 0x01, 0x11,
    0x66, 0x55, 0x55, 0x00, 0x02, 0x22, 0x88, 0x87, 0x77, 0x77, 0x77, 0x77,
    0x77, 0x77, 0x76, 0x33, 0x32, 0x22, 0x11, 0x10, 0x00, 0x11, 0x04, 0x44,
    0x77, 0x77, 0x77, 0x77, 0x77, 0x77, 0x77, 0x77, 0x77, 0x77, 0x77, 0x77,
    0x77, 0x77, 0x77, 0x88, 0x85, 0x55, 0x22, 0x21, 0x11, 0x22, 0x22, 0x22,
    0x11, 0x10, 0x00, 0x00, 0x00, 0x00, 0x00, 0x00, 0x00, 0x00, 0x00, 0x00,
    0x00, 0x00, 0x00, 0x00, 0x00, 0x00, 0x11, 0x00, 0x00, 0x00, 0x00, 0x10,
    0x11, 0x01, 0x10, 0x11, 0x01, 0x10, 0x11, 0x01, 0x10, 0x11, 0x14, 0x43,
    0x99, 0x8C, 0xCB, 0xCC, 0xBC, 0xBA, 0xCC, 0xAC, 0xCB, 0x99, 0x81, 0x11,
    0x11, 0x01, 0x10, 0x00, 0x00, 0x00, 0x00, 0x00, 0x00, 0x00, 0x00, 0x00,
    0x00, 0x00, 0x00, 0x00, 0x01, 0x10, 0x34, 0x47, 0x78, 0x99, 0xA8, 0x89,
    0x89, 0x99, 0x9A, 0x89, 0xA8, 0x9A, 0x99, 0xA9, 0x9A, 0x89, 0x98, 0x9A,
    0x9A, 0xA9, 0x9A, 0x9A, 0xA9, 0xAA, 0x9A, 0xA9, 0x9A, 0x99, 0xA9, 0x9A,
    0x89, 0xA8, 0x9A, 0x89, 0xA8, 0x9A, 0x89, 0xA9, 0xAB, 0xBC, 0xDD, 0xEE,
    0xEE, 0xEE, 0xFF, 0xEF, 0xFE, 0xEF, 0xEE, 0xFE, 0xEF, 0xEE, 0xFD, 0xEE,
    0xDD, 0xDD, 0xDE, 0xDE, 0xED, 0xEE, 0xDE, 0xED, 0xEE, 0xDE, 0xED, 0xDE,
    0xDD, 0xDD, 0xDD, 0xDD, 0xDD, 0xDD, 0xDD, 0xDC, 0xDD, 0xDD, 0xDC, 0xDD,
    0xCD, 0xDC, 0xCC, 0xCC, 0xCC, 0xCC, 0xDD, 0xDB, 0xCC, 0xBB, 0xCC, 0xCC,
    0xDD, 0xDC, 0xCC, 0xCC, 0xCC, 0xCC, 0xCC, 0xCB, 0xCC, 0xBB, 0xBB, 0xCC,
    0xAA, 0xAA, 0xAA, 0x9A, 0xAA, 0xAA, 0xBB, 0xBB, 0xBB, 0xBB, 0xBB, 0xBB,
    0xBB, 0xBB, 0xBB, 0xBB, 0xBB, 0xBB, 0xBB, 0xBC, 0xCC, 0xAB, 0xB8, 0x88,
    0x99, 0x9A, 0xAA, 0x99, 0x97, 0x77, 0x77, 0x76, 0x77, 0x66, 0x66, 0x66,
    0x67, 0x66, 0x76, 0x67, 0x66, 0x66, 0x66, 0x66, 0x66, 0x66, 0x66, 0x66,
    0x66, 0x65, 0x66, 0x66, 0x66, 0x66, 0x66, 0x66, 0x66, 0x66, 0x66, 0x66,
    0x66, 0x66, 0x66, 0x99, 0x9C, 0xCC, 0xDD, 0xCC, 0xCC, 0xCC, 0xCC, 0xCB,
    0xCC, 0xBC, 0xCC, 0xAA, 0x95, 0x55, 0x56, 0x56, 0x66, 0x55, 0x55, 0x55,
    0x55, 0x45, 0x55, 0x55, 0x55, 0x55, 0x55, 0x55, 0x55, 0x55, 0x55, 0x55,
    0x66, 0x63, 0x44, 0x65, 0x63, 0x33, 0x33, 0x43, 0x34, 0x44, 0x44, 0x45,
    0x45, 0x65, 0x67, 0x56, 0x66, 0x77, 0x77, 0x87, 0x88, 0x88, 0x97, 0x89,
    0x78, 0x97, 0x88, 0x78, 0x87, 0x88, 0x78, 0x87, 0x78, 0x77, 0x87, 0x78,
    0x77, 0x88, 0x9A, 0xBC, 0xCD, 0xEE, 0xEE, 0xEE, 0xFF, 0xEE, 0xFD, 0xEE,
    0xEE, 0xEE, 0xEF, 0xEE, 0xFD, 0xEE, 0xDD, 0xED, 0xEE, 0xEE, 0xEE, 0xEF,
    0xEE, 0xEE, 0xEF, 0xEE, 0xFE, 0xEF, 0xEE, 0xEE, 0xEE, 0xEE, 0xEE, 0xEF,
    0xEE, 0xFE, 0xEF, 0xEE, 0xFE, 0xEF, 0xEE, 0xFE, 0xEF, 0xEE, 0xFE, 0xFF,
    0xEE, 0xFE, 0xEF, 0xEE, 0xFE, 0xEF, 0xEE, 0xEE, 0xEF, 0xEE, 0xFE, 0xEF,
    0xEF, 0xFE, 0xEF, 0xEE, 0xEE, 0xEF, 0xEF, 0xFE, 0xFF, 0xEE, 0xFE, 0xEF,
    0xEE, 0xEE, 0xEE, 0xEE, 0xEE, 0xEE, 0xEE, 0xEE, 0xEE, 0xEE, 0xEE, 0xEE,
    0xEE, 0xEE, 0xEE, 0xEE, 0xEE, 0xFF, 0xEE, 0xFE, 0xEF, 0xEE, 0xEE, 0xFE,
    0xEF, 0xFE, 0xFF, 0xEF, 0xFE, 0xFF, 0xEF, 0xFE, 0xFF, 0xEF, 0xFE, 0xFF,
    0xEF, 0xFE, 0xFF, 0xEF, 0xFE, 0xFF, 0xEE, 0xFE, 0xEF, 0xEF, 0xFE, 0xFF,
    0xEE, 0xFE, 0xFF, 0xEF, 0xFE, 0xFF, 0xEE, 0xFE, 0xFF, 0xEF, 0xFE, 0xEE,
    0xEE, 0xEE, 0xEE, 0xEE, 0xEE, 0xEE, 0xEE, 0xEE, 0xEE, 0xEE, 0xEE, 0xEF,
    0xEE, 0xEE, 0xEE, 0xEE, 0xEE, 0xEF, 0xEF, 0xFE, 0xEE, 0xEE, 0xEE, 0xEF,
    0xEE, 0xEE, 0xEE, 0xEE, 0xFE, 0xEE, 0x11, 0x12, 0x21, 0x21, 0x10, 0x00,
    0x00, 0x01, 0x01, 0x11, 0x11, 0x11, 0x11, 0x11, 0x12, 0x11, 0x22, 0x22,
    0x22, 0x22, 0x22, 0x22, 0x22, 0x23, 0x33, 0x43, 0x44, 0x23, 0x33, 0x33,
    0x44, 0x33, 0x33, 0x33, 0x33, 0x44, 0x55, 0x54, 0x44, 0x55, 0x56, 0x66,
    0x77, 0x77, 0x77, 0x88, 0x88, 0x99, 0x99, 0x9A, 0xA9, 0xAA, 0xAA, 0xAA,
    0xAA, 0xA9, 0xAA, 0xAB, 0xBA, 0xBB, 0xBC, 0xBB, 0xBB, 0xBB, 0xBB, 0xCB,
    0xBC, 0xCC, 0xCC, 0xCC, 0xCC, 0xDD, 0xCD, 0xDC, 0xDD, 0xCD, 0xDC, 0xDD,
    0xDD, 0xDD, 0xDD, 0xDD, 0xDD, 0xDD, 0xDD, 0xDD, 0xDD, 0xDD, 0xDD, 0xEE,
    0xDE, 0xED, 0xEE, 0xDE, 0xED, 0xEE, 0xEE, 0xEE, 0xEE, 0xDE, 0xED, 0xEE,
    0xEE, 0xEE, 0xEE, 0xEE, 0xEE, 0xEE, 0xEE, 0xEE, 0xEE, 0xDE, 0xEE, 0xEE,
    0xEE, 0xEE, 0xEE, 0xEE, 0xEE, 0xEE, 0xEE, 0xEE, 0xEF, 0xEF, 0xFE, 0xFF,
    0xEF, 0xFE, 0xFF, 0xEE, 0xEE, 0xEE, 0xEE, 0xFE, 0xFF, 0xEF, 0xFE, 0xFF,
    0xEF, 0xFE, 0xEF, 0xEE, 0xFE, 0xFF, 0xEF, 0xFE, 0xFF, 0xEF, 0xFE, 0xFF,
    0xEE, 0xFE, 0xEF, 0xEF, 0xFE, 0xEF, 0xEE, 0xFE, 0xEF, 0xEE, 0xFE, 0xEF,
    0xEE, 0xFE, 0xEF, 0xEE, 0xFE, 0xEF, 0xEE, 0xFE, 0xEF, 0xEE, 0xFE, 0xEE,
    0xEE, 0xFE, 0xFF, 0xEF, 0xFE, 0xFF, 0xEE, 0xFE, 0xEE, 0xEE, 0xEE, 0xFF,
    0xEF, 0xFE, 0xEF, 0xEF, 0xFE, 0xFF, 0xEE, 0xEE, 0xEF, 0xEF, 0xFE, 0xEF,
    0x00, 0x11, 0x11, 0x00, 0x00, 0x00, 0x00, 0x11, 0x12, 0x00, 0x14, 0x42,
    0x33, 0x20, 0x01, 0x11, 0x11, 0x11, 0x00, 0x10, 0x12, 0x00, 0x10, 0x01,
    0x11, 0x11, 0x12, 0x00, 0x10, 0x01, 0x11, 0x21, 0x12, 0x12, 0x31, 0x11,
    0x22, 0x20, 0x01, 0x00, 0x00, 0x00, 0x00, 0x01, 0x11, 0x33, 0x35, 0x55,
    0x44, 0x35, 0x63, 0x66, 0x45, 0x64, 0x44, 0x32, 0x22, 0x55, 0x51, 0x21,
    0x23, 0x12, 0x21, 0x00, 0x01, 0x10, 0x44, 0x46, 0x66, 0x56, 0x44, 0x53,
    0x45, 0x43, 0x32, 0x11, 0x13, 0x33, 0x77, 0x73, 0x33, 0x11, 0x11, 0x11,
    0x44, 0x47, 0x77, 0x77, 0x78, 0x88, 0x77, 0x77, 0x77, 0x77, 0x78, 0x87,
    0x88, 0x78, 0x88, 0x99, 0x98, 0x88, 0x88, 0x88, 0x88, 0x88, 0x88, 0x88,
    0x88, 0x88, 0x88, 0x9A, 0x9A, 0xAA, 0x88, 0x88, 0x88, 0x89, 0x89, 0x98,
    0x99, 0x96, 0x66, 0x55, 0x56, 0x66, 0x66, 0x66, 0x66, 0x88, 0x89, 0x99,
    0x77, 0x77, 0x77, 0x77, 0x77, 0x77, 0x77, 0x79, 0xA9, 0xAA, 0xA8, 0x87,
    0x88, 0x88, 0x88, 0x88, 0x88, 0x88, 0xBB, 0xAA, 0xBA, 0x89, 0x8A, 0xAA,
    0xCC, 0xCC, 0xCC, 0xCC, 0xCB, 0xBB, 0xBC, 0xBC, 0xCC, 0xCC, 0xCC, 0xCC,
    0xCC, 0xCC, 0xCB, 0xBC, 0xBB, 0xCC, 0xCC, 0xCB, 0xBB, 0x99, 0x99, 0x99,
    0x99, 0x9B, 0xBB, 0xBB, 0xB9, 0xA9, 0xAA, 0xAA, 0xAA, 0xAA, 0xA9, 0x9A,
    0x9A, 0xA9, 0x89, 0x99, 0x9A, 0xBA, 0x11, 0x10, 0x01, 0x00, 0x01, 0x11,
    0x00, 0x11, 0x12, 0x12, 0x31, 0x11, 0x00, 0x11, 0x12, 0x01, 0x20, 0x01,
    0x00, 0x11, 0x12, 0x00, 0x10, 0x01, 0x00, 0x12, 0x11, 0x31, 0x11, 0x11,
    0x11, 0x11, 0x11, 0x11, 0x11, 0x11, 0x10, 0x11, 0x11, 0x01, 0x10, 0x11,
    0x22, 0x24, 0x45, 0x66, 0x77, 0x78, 0x55, 0x67, 0x67, 0x77, 0x88, 0x88,
    0x77, 0x87, 0x77, 0x77, 0x85, 0x56, 0x33, 0x43, 0x33, 0x22, 0x22, 0x22,
    0x33, 0x35, 0x66, 0x44, 0x31, 0x21, 0x00, 0x00, 0x10, 0x00, 0x02, 0x32,
    0x66, 0x71, 0x12, 0x00, 0x00, 0x00, 0x66, 0x67, 0x76, 0x67, 0x77, 0x77,
    0x77, 0x76, 0x66, 0x66, 0x67, 0x66, 0x77, 0x67, 0x77, 0x76, 0x77, 0x66,
    0x76, 0x66, 0x66, 0x77, 0x67, 0x76, 0x77, 0x76, 0x67, 0x78, 0x76, 0x66,
    0x66, 0x65, 0x54, 0x22, 0x23, 0x34, 0x55, 0x60, 0x00, 0x00, 0x00, 0x00,
    0x00, 0x00, 0x00, 0x44, 0x45, 0x56, 0x00, 0x00, 0x00, 0x00, 0x00, 0x00,
    0x00, 0x04, 0x55, 0x55, 0x60, 0x00, 0x00, 0x00, 0x00, 0x00, 0x00, 0x00,
    0x66, 0x76, 0x66, 0x76, 0x6B, 0xA9, 0xBA, 0x9B, 0xBA, 0xAA, 0x97, 0x77,
    0x99, 0x9C, 0xBA, 0xBB, 0xAB, 0xA9, 0xBB, 0xAB, 0xAA, 0x78, 0x89, 0xA9,
    0xBB, 0xA4, 0x43, 0x11, 0x02, 0x22, 0x32, 0x36, 0x67, 0x55, 0x63, 0x33,
    0x33, 0x33, 0x33, 0x22, 0x21, 0x11, 0x31, 0x21, 0x01, 0x00, 0x11, 0x11,
    0x12, 0x31, 0x01, 0x00, 0x01, 0x12, 0x22, 0x30, 0x01, 0x00, 0x10, 0x01,
    0x00, 0x10, 0x01, 0x00, 0x10, 0x11, 0x00, 0x10, 0x01, 0x11, 0x10, 0x01,
    0x00, 0x12, 0x01, 0x20, 0x11, 0x11, 0x11, 0x21, 0x12, 0x11, 0x22, 0x22,
    0x66, 0x42, 0x22, 0x62, 0x34, 0x23, 0x22, 0x34, 0x45, 0x78, 0x88, 0x89,
    0x66, 0x6A, 0xA8, 0x77, 0x87, 0x78, 0x88, 0x98, 0x89, 0x88, 0x98, 0x89,
    0x88, 0x98, 0x9A, 0x78, 0xA8, 0x8A, 0x77, 0x87, 0x78, 0x77, 0x86, 0x67,
    0x55, 0x55, 0x55, 0x55, 0x55, 0x56, 0x88, 0x96, 0x76, 0x44, 0x44, 0x44,
    0x77, 0x77, 0x77, 0x77, 0x78, 0x99, 0x77, 0x79, 0x87, 0x98, 0x78, 0x87,
    0x87, 0x79, 0x78, 0xAA, 0xA7, 0x77, 0x66, 0x67, 0x66, 0x77, 0x68, 0x98,
    0x88, 0x89, 0x99, 0x66, 0x66, 0x55, 0x22, 0x20, 0x00, 0x00, 0x04, 0x55,
    0x78, 0x80, 0x00, 0x00, 0x00, 0x00, 0x00, 0x00, 0x00, 0x56, 0x67, 0x88,
    0x00, 0x00, 0x00, 0x00, 0x00, 0x00, 0x00, 0x06, 0x67, 0x66, 0x70, 0x00,
    0x01, 0x01, 0x10, 0x11, 0x01, 0x11, 0x67, 0x77, 0x77, 0xBB, 0xA9, 0x99,
    0x88, 0x7A, 0x99, 0x99, 0x85, 0x56, 0x77, 0x79, 0x98, 0x88, 0x88, 0x87,
    0x87, 0x77, 0x77, 0x55, 0x66, 0x77, 0x88, 0x86, 0x66, 0x99, 0x77, 0x89,
    0x68, 0x95, 0x56, 0x44, 0x55, 0x55, 0x44, 0x54, 0x45, 0x33, 0x43, 0x34,
    0x63, 0x44, 0x34, 0x11, 0x22, 0x22, 0x01, 0x10, 0x01, 0x11, 0x11, 0x11,
    0x22, 0x32, 0x33, 0x11, 0x10, 0x01, 0x00, 0x10, 0x01, 0x11, 0x21, 0x11,
    0x10, 0x10, 0x01, 0x11, 0x10, 0x11, 0x00, 0x10, 0x01, 0x00, 0x11, 0x11,
    0x11, 0x21, 0x12, 0x22, 0x23, 0x33, 0x99, 0x54, 0x45, 0x74, 0x55, 0x44,
    0x33, 0x45, 0x57, 0x77, 0x78, 0x89, 0x77, 0x7B, 0xB8, 0x88, 0x88, 0x89,
    0x88, 0xA8, 0x89, 0x88, 0x97, 0x78, 0x77, 0x87, 0x78, 0x77, 0x87, 0x79,
    0x77, 0x88, 0x89, 0x77, 0x88, 0x78, 0x88, 0x87, 0x78, 0x66, 0x76, 0x77,
    0x66, 0x76, 0x56, 0x65, 0x66, 0x56, 0x65, 0x67, 0x66, 0x55, 0x59, 0x97,
    0xDC, 0x6F, 0xE6, 0xED, 0x69, 0x97, 0x77, 0x6A, 0x56, 0xF7, 0x8C, 0x45,
    0x32, 0x35, 0x44, 0x94, 0x56, 0x45, 0xC5, 0x6D, 0x67, 0xB4, 0x56, 0x23,
    0x54, 0x22, 0x11, 0x11, 0x14, 0x44, 0x96, 0x72, 0x12, 0x11, 0x11, 0x11,
    0x11, 0x23, 0x32, 0x67, 0x77, 0x78, 0x33, 0x33, 0x34, 0x22, 0x23, 0x33,
    0x33, 0x35, 0x55, 0x66, 0x62, 0x23, 0x33, 0x33, 0x34, 0x33, 0x44, 0x45,
    0x66, 0x65, 0x56, 0x44, 0x54, 0x45, 0x44, 0x54, 0x45, 0x44, 0x55, 0x56,
    0x55, 0x65, 0x56, 0x44, 0x54, 0x45, 0x55, 0x65, 0x56, 0x66, 0x76, 0x68,
    0x77, 0x88, 0x89, 0x77, 0x75, 0x67, 0x55, 0x66, 0x56, 0x55, 0x66, 0x67,
    0x76, 0x77, 0x67, 0x78, 0x98, 0x9A, 0x88, 0x96, 0x67, 0x44, 0x55, 0x66,
    0x34, 0x62, 0x46, 0x23, 0x42, 0x12, 0x11, 0x22, 0x34, 0x11, 0x12, 0x01,
    0x20, 0x10, 0x01, 0x11, 0x11, 0x11, 0x01, 0x10, 0x01, 0x00, 0x11, 0x12,
    0x01, 0x21, 0x11, 0x11, 0x11, 0x11, 0x11, 0x21, 0x12, 0x11, 0x22, 0x23,
    0x44, 0x55, 0x55, 0x55, 0x64, 0x45, 0x33, 0x34, 0x45, 0x67, 0x88, 0xBB,
    0x77, 0x87, 0x78, 0x88, 0x98, 0x89, 0x88, 0x98, 0x89, 0x88, 0x98, 0x78,
    0x77, 0x87, 0x78, 0x77, 0x87, 0x88, 0x77, 0x89, 0x98, 0xAA, 0x87, 0x89,
    0x78, 0x97, 0x67, 0x66, 0x77, 0x77, 0x76, 0x75, 0x57, 0x55, 0x65, 0x55,
    0x54, 0x55, 0x57, 0x68, 0xAC, 0xB6, 0xFE, 0x5F, 0xE5, 0xFE, 0x56, 0x65,
    0x44, 0x54, 0x45, 0xA5, 0x6D, 0x35, 0x53, 0x54, 0x45, 0x44, 0x58, 0x56,
    0xF5, 0x7C, 0x56, 0x64, 0x53, 0x33, 0xA9, 0x4A, 0x94, 0x55, 0x32, 0x22,
    0x33, 0x32, 0x12, 0x11, 0x21, 0x12, 0x11, 0x13, 0x44, 0x33, 0x32, 0x23,
    0x22, 0x32, 0x34, 0x77, 0x44, 0x43, 0x22, 0x33, 0x34, 0x33, 0x43, 0x33,
    0x33, 0x43, 0x34, 0x43, 0x44, 0x45, 0x55, 0x64, 0x45, 0x66, 0x55, 0x55,
    0x44, 0x44, 0x45, 0x44, 0x55, 0x56, 0x54, 0x54, 0x45, 0x54, 0x55, 0x45,
    0x44, 0x55, 0x67, 0x57, 0x86, 0x68, 0x77, 0x87, 0x78, 0x77, 0x97, 0x89,
    0x88, 0x87, 0x78, 0x77, 0x87, 0x89, 0x88, 0x99, 0x99, 0x88, 0x97, 0x89,
    0x44, 0x54, 0x44, 0x66, 0x74, 0x45, 0x34, 0x54, 0x79, 0x24, 0x66, 0x23,
    0x81, 0x24, 0x01, 0x21, 0x21, 0x01, 0x10, 0x01, 0x01, 0x11, 0x11, 0x11,
    0x00, 0x11, 0x11, 0x11, 0x10, 0x01, 0x00, 0x10, 0x11, 0x11, 0x11, 0x12,
    0x11, 0x21, 0x12, 0x11, 0x22, 0x23, 0x33, 0x44, 0x44, 0x44, 0x53, 0x33,
    0x11, 0x23, 0x33, 0x65, 0x67, 0x78, 0x66, 0x77, 0x78, 0x89, 0x98, 0x89,
    0x88, 0x88, 0x88, 0x88, 0x97, 0x78, 0x77, 0x88, 0x89, 0x88, 0x87, 0x78,
    0x77, 0x89, 0x98, 0xAA, 0x87, 0x78, 0x77, 0x87, 0x78, 0x77, 0x87, 0x99,
    0x77, 0x86, 0x68, 0x56, 0x75, 0x78, 0x79, 0xC7, 0xCF, 0x8D, 0xF5, 0x66,
    0x87, 0x5E, 0xD5, 0xFF, 0x66, 0x65, 0x44, 0x55, 0x46, 0x55, 0x66, 0x34,
    0x63, 0x44, 0x45, 0x44, 0x46, 0x45, 0x74, 0x54, 0x45, 0x33, 0x45, 0x54,
    0xDC, 0x5D, 0xB4, 0xDB, 0x5A, 0x95, 0x55, 0x52, 0x23, 0x22, 0x22, 0x22,
    0x11, 0x23, 0x22, 0x22, 0x22, 0x23, 0x22, 0x22, 0x22, 0x54, 0x33, 0x33,
    0x33, 0x34, 0x44, 0x55, 0x53, 0x34, 0x33, 0x43, 0x34, 0x33, 0x44, 0x45,
    0x55, 0x64, 0x45, 0x99, 0x56, 0x65, 0x33, 0x44, 0x45, 0x44, 0x55, 0x55,
    0x65, 0x68, 0x56, 0x55, 0x66, 0x66, 0x66, 0x77, 0x67, 0x77, 0x87, 0x78,
    0x87, 0x8A, 0x78, 0xA7, 0x97, 0x79, 0x77, 0x87, 0x78, 0x8A, 0xA8, 0x9A,
    0x99, 0xA8, 0x99, 0x57, 0x85, 0x54, 0x55, 0x46, 0x68, 0x44, 0x62, 0x23,
    0x23, 0x33, 0x57, 0x01, 0x13, 0x12, 0xB2, 0x38, 0x12, 0x71, 0x23, 0x22,
    0x22, 0x10, 0x01, 0x00, 0x11, 0x11, 0x12, 0x25, 0x52, 0x22, 0x21, 0x11,
    0x11, 0x10, 0x01, 0x01, 0x11, 0x11, 0x12, 0x31, 0x12, 0x22, 0x32, 0x34,
    0x33, 0x43, 0x34, 0x22, 0x31, 0x12, 0x11, 0x22, 0x23, 0x44, 0x45, 0x45,
    0x44, 0x57, 0x77, 0xA8, 0x99, 0x89, 0x88, 0x98, 0x89, 0x89, 0xA8, 0x99,
    0x77, 0x87, 0x79, 0x77, 0x89, 0x78, 0x87, 0x88, 0x89, 0x77, 0x87, 0x88,
    0x77, 0x87, 0x78, 0x77, 0x88, 0x78, 0x87, 0x8A, 0x78, 0x97, 0x97, 0xCE,
    0x9E, 0xF9, 0xDF, 0x9D, 0xF6, 0x77, 0x44, 0x55, 0x55, 0xBA, 0x57, 0x65,
    0x43, 0x55, 0x46, 0x55, 0x62, 0x23, 0x33, 0x44, 0x45, 0x44, 0x63, 0x34,
    0x34, 0x44, 0x45, 0x33, 0x47, 0x64, 0xED, 0x5D, 0xC4, 0xCB, 0x58, 0x84,
    0x57, 0x84, 0x68, 0x33, 0x41, 0x11, 0x21, 0x27, 0x23, 0x43, 0x43, 0x34,
    0x33, 0x33, 0x34, 0x33, 0x44, 0x44, 0x33, 0x44, 0x44, 0x55, 0x55, 0x56,
    0x55, 0x64, 0x44, 0x33, 0x43, 0x34, 0x44, 0x54, 0x45, 0x44, 0x44, 0x45,
    0x57, 0x85, 0x56, 0x66, 0x86, 0x68, 0x86, 0x7B, 0x78, 0x77, 0x8C, 0xC8,
    0x88, 0x87, 0x89, 0x77, 0x87, 0x88, 0x77, 0x8A, 0x78, 0x97, 0x88, 0x89,
    0x88, 0x99, 0x9A, 0x99, 0xA8, 0x89, 0x67, 0x83, 0x45, 0x12, 0x34, 0x44,
    0x79, 0xA6, 0x78, 0x23, 0x43, 0x33, 0x23, 0x31, 0x23, 0x00, 0x11, 0x11,
    0x92, 0x39, 0x12, 0x40, 0x11, 0x11, 0x87, 0x36, 0x53, 0x11, 0x10, 0x01,
    0x11, 0x11, 0x11, 0x11, 0x10, 0x01, 0x00, 0x11, 0x12, 0x11, 0x11, 0x11,
    0x11, 0x21, 0x12, 0x21, 0x23, 0x34, 0x44, 0x54, 0x67, 0x44, 0x62, 0x22,
    0x22, 0x32, 0x22, 0x33, 0x43, 0x34, 0x33, 0x35, 0x56, 0xB7, 0x89, 0x78,
    0x88, 0x98, 0x8A, 0x88, 0x98, 0x99, 0x77, 0x87, 0x78, 0x77, 0x8B, 0x78,
    0x97, 0x87, 0x78, 0x77, 0x87, 0x78, 0x77, 0x88, 0x89, 0xC7, 0x8F, 0x68,
    0xF7, 0x9F, 0x79, 0xB7, 0x87, 0x78, 0x9D, 0xEA, 0xEF, 0xAE, 0xF7, 0x89,
    0x55, 0x65, 0x56, 0x44, 0x55, 0x45, 0x54, 0x55, 0x45, 0x55, 0x63, 0x34,
    0x43, 0x43, 0x34, 0x43, 0x53, 0x34, 0x44, 0x45, 0x56, 0x33, 0x59, 0x94,
    0xFE, 0x5D, 0xC6, 0x67, 0x53, 0x35, 0x68, 0xA7, 0xBE, 0x59, 0xC3, 0x45,
    0x22, 0x32, 0x33, 0x33, 0x44, 0x45, 0x33, 0x44, 0x44, 0x33, 0x44, 0x44,
    0xB4, 0x55, 0x45, 0x55, 0x66, 0x67, 0x77, 0x95, 0x67, 0x55, 0x56, 0x56,
    0x67, 0x76, 0x77, 0x66, 0x77, 0x67, 0x78, 0x97, 0x78, 0x77, 0x87, 0x78,
    0x77, 0x87, 0x78, 0x77, 0x87, 0x78, 0x77, 0x87, 0x78, 0x77, 0x87, 0x78,
    0x77, 0x88, 0x89, 0x88, 0x99, 0x9A, 0x99, 0xA9, 0x99, 0x77, 0x85, 0x56,
    0x22, 0x31, 0x12, 0x44, 0x57, 0x78, 0x77, 0x83, 0x34, 0x53, 0x49, 0x35,
    0x11, 0x10, 0x01, 0x00, 0x10, 0x01, 0x61, 0x27, 0x12, 0x10, 0x10, 0x11,
    0x76, 0x29, 0x83, 0x98, 0x45, 0x52, 0x22, 0x20, 0x11, 0x21, 0x11, 0x01,
    0x11, 0x11, 0x12, 0x11, 0x11, 0x11, 0x11, 0x10, 0x11, 0x11, 0x11, 0x12,
    0x33, 0x45, 0x56, 0x55, 0x65, 0x55, 0x44, 0x43, 0x34, 0x33, 0x43, 0x35,
    0x33, 0x54, 0x44, 0x44, 0x55, 0x56, 0x77, 0x88, 0x78, 0x88, 0x98, 0x89,
    0x77, 0x87, 0x78, 0x77, 0x87, 0x88, 0x67, 0x88, 0x99, 0xBA, 0x8C, 0xC8,
    0xEE, 0x7E, 0xF8, 0x98, 0x8E, 0x78, 0xF7, 0x9F, 0x78, 0xB9, 0xA6, 0x78,
    0x78, 0x89, 0xDD, 0xBF, 0xF9, 0xAC, 0x76, 0x76, 0x67, 0x66, 0x76, 0x67,
    0x66, 0x76, 0x89, 0x66, 0x74, 0x45, 0x44, 0x54, 0x45, 0x43, 0x44, 0x44,
    0x44, 0x55, 0x67, 0x44, 0x5C, 0xB5, 0xDC, 0x55, 0x65, 0x44, 0x64, 0x45,
    0x7A, 0xB8, 0xDF, 0x8D, 0xF7, 0xAD, 0xA7, 0x7A, 0x45, 0x64, 0x65, 0x56,
    0x44, 0x54, 0x45, 0x55, 0x65, 0x56, 0x86, 0x66, 0x67, 0x66, 0x77, 0x67,
    0x78, 0x97, 0x89, 0x77, 0x97, 0x78, 0x97, 0x8A, 0x89, 0x77, 0x87, 0x78,
    0x77, 0x88, 0x78, 0x77, 0x87, 0x78, 0x77, 0x97, 0x78, 0x77, 0x87, 0x78,
    0x77, 0x97, 0x78, 0x87, 0x88, 0x79, 0x88, 0xA9, 0x9A, 0x99, 0xA8, 0x9A,
    0x78, 0x95, 0x66, 0x33, 0x41, 0x12, 0x22, 0x34, 0x45, 0x77, 0x88, 0x88,
    0xA9, 0x79, 0x84, 0xA5, 0x6F, 0x36, 0x00, 0x10, 0x01, 0x10, 0x11, 0x01,
    0x31, 0x11, 0x11, 0x00, 0x10, 0x01, 0x55, 0x28, 0x82, 0x98, 0x35, 0x42,
    0x11, 0x23, 0x57, 0x34, 0x62, 0x34, 0x11, 0x21, 0x11, 0x01, 0x10, 0x11,
    0x01, 0x10, 0x01, 0x11, 0x10, 0x01, 0x11, 0x23, 0x34, 0x55, 0x66, 0x67,
    0x76, 0x76, 0x66, 0x55, 0x64, 0x45, 0x33, 0x44, 0x34, 0x45, 0x74, 0x45,
    0x66, 0x76, 0x77, 0x88, 0x98, 0x78, 0x98, 0x98, 0x9B, 0x7A, 0xC8, 0xCD,
    0x9D, 0xF9, 0xAA, 0xDD, 0x7F, 0xF7, 0xFF, 0x7F, 0xF7, 0x88, 0x7B, 0xA9,
    0xC7, 0x8F, 0x78, 0xA7, 0x87, 0x78, 0x77, 0x87, 0x78, 0x9C, 0xCA, 0xCC,
    0x76, 0x77, 0x77, 0x77, 0x77, 0x77, 0x77, 0x86, 0x78, 0x76, 0x77, 0x67,
    0x67, 0x86, 0x78, 0x65, 0x65, 0x56, 0x66, 0x66, 0x67, 0x66, 0x6A, 0xA7,
    0x66, 0x66, 0x66, 0x55, 0x67, 0x67, 0xBB, 0xCA, 0xFF, 0x8B, 0xC6, 0x78,
    0xA6, 0x7F, 0x68, 0xF6, 0x8C, 0x68, 0x97, 0x87, 0x79, 0x77, 0x87, 0x78,
    0x77, 0x88, 0x88, 0x87, 0x87, 0x78, 0x78, 0x87, 0x78, 0x87, 0x97, 0x78,
    0x97, 0x8A, 0x78, 0x77, 0x87, 0x78, 0x77, 0x87, 0x78, 0x77, 0x97, 0x7A,
    0x77, 0x87, 0x88, 0x77, 0x87, 0x78, 0x88, 0xA8, 0x89, 0x89, 0xA9, 0x9A,
    0x99, 0xA9, 0x9A, 0x77, 0x87, 0x77, 0x44, 0x53, 0x33, 0x11, 0x23, 0x33,
    0x55, 0x57, 0x89, 0xAA, 0x9E, 0xE7, 0xEC, 0x4C, 0xB5, 0x54, 0x5D, 0x46,
    0x01, 0x10, 0x01, 0x00, 0x10, 0x01, 0x00, 0x10, 0x01, 0x00, 0x10, 0x01,
    0x43, 0x18, 0x83, 0x33, 0x20, 0x01, 0x00, 0x13, 0x57, 0x47, 0x94, 0x69,
    0x32, 0x36, 0x12, 0x61, 0x25, 0x12, 0x41, 0x23, 0x32, 0x33, 0x23, 0x32,
    0x22, 0x22, 0x22, 0x55, 0x5A, 0xA9, 0x77, 0x86, 0x78, 0x67, 0x87, 0x77,
    0x76, 0x67, 0x65, 0x66, 0x48, 0x76, 0xB6, 0x7D, 0x68, 0xE7, 0x8F, 0x79,
    0xC7, 0x88, 0xBC, 0xAF, 0xFB, 0xFF, 0xBF, 0xF8, 0x89, 0x88, 0x8E, 0xE7,
    0xFF, 0x6F, 0xF7, 0x87, 0x87, 0x78, 0x77, 0x8A, 0x78, 0x97, 0x86, 0x68,
    0x77, 0x87, 0x67, 0x77, 0x78, 0x9A, 0x77, 0x87, 0x67, 0x77, 0x77, 0x67,
    0x76, 0x77, 0x68, 0x77, 0x97, 0x77, 0x77, 0x87, 0x78, 0x78, 0x97, 0x9A,
    0x78, 0x97, 0x78, 0x77, 0x87, 0x78, 0x77, 0x77, 0x78, 0x77, 0x87, 0x78,
    0x9B, 0xB8, 0xAA, 0x77, 0x77, 0x77, 0xA6, 0x8F, 0x78, 0xF7, 0x8F, 0x79,
    0xB7, 0x8C, 0xC8, 0xDD, 0x8B, 0xA8, 0x99, 0x88, 0x89, 0x87, 0x87, 0x78,
    0x77, 0x87, 0x78, 0x77, 0x87, 0x78, 0x77, 0x97, 0x78, 0x77, 0x88, 0x8A,
    0x77, 0x87, 0x78, 0x77, 0x87, 0x78, 0x77, 0x87, 0x9A, 0x88, 0x98, 0x89,
    0x88, 0x98, 0x89, 0x89, 0xA8, 0x89, 0x88, 0x86, 0x68, 0x45, 0x63, 0x33,
    0x43, 0x27, 0x65, 0x36, 0x95, 0x9B, 0x8C, 0xD9, 0xEF, 0x89, 0x9B, 0xA4,
    0xEC, 0x39, 0x96, 0x34, 0x57, 0x45, 0x01, 0x10, 0x11, 0x01, 0x10, 0x01,
    0x00, 0x10, 0x01, 0x01, 0x10, 0x01, 0x22, 0x17, 0x62, 0x11, 0x10, 0x11,
    0x00, 0x12, 0x34, 0x47, 0x93, 0x57, 0x00, 0x15, 0x11, 0x91, 0x29, 0x13,
    0x61, 0x24, 0x42, 0x98, 0x39, 0x83, 0x98, 0x35, 0x53, 0x47, 0x98, 0xDE,
    0x8D, 0xF9, 0xDF, 0x9B, 0xCC, 0xC8, 0xFF, 0x7E, 0xD6, 0xEC, 0x5A, 0xA7,
    0xB6, 0x8F, 0x68, 0xF7, 0x8F, 0x78, 0xA7, 0x86, 0x67, 0x9B, 0xCB, 0xFF,
    0xAD, 0xE8, 0x89, 0x78, 0x98, 0x87, 0xFF, 0x7F, 0xF7, 0x77, 0x77, 0x67,
    0x77, 0x87, 0x78, 0x77, 0x87, 0x67, 0x76, 0x77, 0x67, 0x77, 0x87, 0x78,
    0x88, 0x87, 0x88, 0x7A, 0xB6, 0x8A, 0x69, 0xA7, 0x9B, 0x7A, 0xD7, 0xBC,
    0x7B, 0xD6, 0xBD, 0x6C, 0xE6, 0xCE, 0x7C, 0xE8, 0xAB, 0x77, 0x87, 0x67,
    0x76, 0x77, 0x67, 0x77, 0x77, 0x78, 0x77, 0x87, 0x67, 0x77, 0x87, 0x78,
    0xA6, 0x8F, 0x78, 0xF7, 0x9B, 0x78, 0x66, 0x7B, 0xB7, 0xFF, 0x7F, 0xF7,
    0xFF, 0x7A, 0xA9, 0x8C, 0xD7, 0xBC, 0x79, 0xB7, 0x9A, 0x88, 0x87, 0x78,
    0x78, 0x97, 0x89, 0x76, 0x87, 0x78, 0x77, 0x87, 0x78, 0x77, 0x87, 0x78,
    0x77, 0x88, 0x78, 0x88, 0x98, 0x89, 0x89, 0x99, 0x99, 0x98, 0x89, 0x97,
    0x99, 0x67, 0x66, 0x73, 0x47, 0x13, 0xB2, 0x48, 0x56, 0x7C, 0xE9, 0xEF,
    0xAE, 0xFA, 0xEF, 0x55, 0x74, 0x42, 0xED, 0x56, 0x65, 0x44, 0x64, 0x46,
    0x11, 0x10, 0x11, 0x00, 0x10, 0x01, 0x00, 0x10, 0x01, 0x11, 0x10, 0x01,
    0x11, 0x13, 0x32, 0x00, 0x10, 0x11, 0x00, 0x10, 0x12, 0x34, 0x61, 0x12,
    0x00, 0x11, 0x01, 0x71, 0x28, 0x12, 0x41, 0x21, 0x11, 0x87, 0x3A, 0x93,
    0x98, 0x32, 0x21, 0x34, 0x69, 0xDF, 0xAE, 0xFA, 0xEF, 0x89, 0xA7, 0x87,
    0xEE, 0x7F, 0xE6, 0xDC, 0x67, 0x77, 0x76, 0x7D, 0x78, 0xF7, 0x8F, 0x78,
    0x96, 0x76, 0x67, 0x77, 0x89, 0xCC, 0x9C, 0xD6, 0x67, 0x76, 0x76, 0x67,
    0x99, 0x7E, 0xE7, 0x77, 0x77, 0x77, 0x77, 0x87, 0x78, 0x77, 0x77, 0x67,
    0x76, 0x77, 0x78, 0x6A, 0xC6, 0xBD, 0xAB, 0x86, 0xBC, 0x5B, 0xE5, 0xBE,
    0x5B, 0xE5, 0xBE, 0x5C, 0xF5, 0xCF, 0x5C, 0xF5, 0xCF, 0x5C, 0xF5, 0xCF,
    0x5C, 0xF6, 0xCE, 0x7B, 0xD7, 0x9A, 0x76, 0x77, 0x67, 0x76, 0x77, 0x78,
    0x77, 0x87, 0x67, 0x77, 0x87, 0x79, 0xB6, 0x8F, 0x78, 0xB7, 0x87, 0x78,
    0x66, 0x79, 0x97, 0xFF, 0x7F, 0xE7, 0xCC, 0x87, 0x78, 0xAE, 0xFA, 0xFF,
    0xAF, 0xF9, 0xDE, 0x99, 0x8E, 0xE7, 0xED, 0x7D, 0xC8, 0xBB, 0x8A, 0x89,
    0xB7, 0x8B, 0x78, 0xB7, 0x9C, 0x89, 0x9B, 0xB8, 0xBC, 0x8C, 0xD8, 0xDE,
    0x9C, 0xDB, 0xB7, 0xFE, 0x6E, 0xD5, 0xDC, 0x56, 0x53, 0xA1, 0x3E, 0x34,
    0xE4, 0x66, 0x55, 0x79, 0x9A, 0xFF, 0xAE, 0xF9, 0xDE, 0x23, 0x42, 0x22,
    0xA9, 0x55, 0x55, 0x45, 0x53, 0x34, 0x00, 0x10, 0x01, 0x00, 0x10, 0x01,
    0x00, 0x10, 0x01, 0x00, 0x10, 0x01, 0x00, 0x10, 0x01, 0x00, 0x10, 0x11,
    0x11, 0x20, 0x11, 0x00, 0x10, 0x01, 0x00, 0x10, 0x01, 0x51, 0x28, 0x12,
    0x31, 0x10, 0x01, 0x43, 0x2A, 0x93, 0x66, 0x31, 0x11, 0x11, 0x26, 0xAD,
    0x8D, 0xF9, 0xDF, 0x67, 0x75, 0x56, 0x88, 0x6F, 0xE6, 0xCB, 0x76, 0x67,
    0x77, 0x89, 0x78, 0xF7, 0x8F, 0x78, 0x87, 0x87, 0x78, 0x77, 0x77, 0x77,
    0x78, 0x97, 0x77, 0x77, 0x87, 0x78, 0x77, 0x8A, 0x97, 0x77, 0x77, 0x78,
    0x77, 0x87, 0x78, 0x77, 0x77, 0x78, 0x77, 0x87, 0x77, 0x77, 0x87, 0xAB,
    0xAB, 0x86, 0xBE, 0x5C, 0xF5, 0xCF, 0x5C, 0xF5, 0xCF, 0x5C, 0xF5, 0xBF,
    0x5B, 0xE5, 0xBE, 0x5B, 0xF5, 0xBF, 0x5C, 0xF5, 0xCF, 0x5B, 0xF6, 0xBE,
    0x7A, 0xC7, 0x89, 0x66, 0x77, 0x78, 0x77, 0x87, 0x67, 0x76, 0x76, 0x67,
    0xB7, 0x8B, 0x78, 0x77, 0x87, 0x78, 0x76, 0x78, 0x77, 0xDD, 0x78, 0x87,
    0x66, 0x77, 0x67, 0x9D, 0xDB, 0xFF, 0xBF, 0xF8, 0x9A, 0x76, 0x7E, 0xE7,
    0xFF, 0x7F, 0xF7, 0xAB, 0x89, 0x78, 0xF7, 0x9F, 0x79, 0xF7, 0x9D, 0x89,
    0x89, 0x9A, 0xEE, 0xAF, 0xFA, 0xFF, 0x68, 0x96, 0x64, 0xEC, 0x5C, 0xB4,
    0x98, 0x32, 0x22, 0xA3, 0x4F, 0x56, 0xC5, 0x76, 0x67, 0x77, 0x88, 0xAB,
    0xAF, 0xF6, 0x9B, 0x11, 0x13, 0x34, 0x55, 0x54, 0x45, 0x44, 0x43, 0x34,
    0x11, 0x11, 0x11, 0x00, 0x11, 0x11, 0x11, 0x10, 0x01, 0x00, 0x10, 0x01,
    0x00, 0x11, 0x11, 0x01, 0x11, 0x11, 0x22, 0x30, 0x01, 0x00, 0x10, 0x01,
    0x00, 0x10, 0x11, 0x31, 0x17, 0x12, 0x21, 0x11, 0x11, 0x11, 0x17, 0x63,
    0x33, 0x31, 0x11, 0x11, 0x13, 0x57, 0x6B, 0xF6, 0x9B, 0x44, 0x55, 0x55,
    0x44, 0x5A, 0xA5, 0x77, 0x65, 0x56, 0x66, 0x76, 0x67, 0xB6, 0x7E, 0x68,
    0x76, 0x76, 0x67, 0x76, 0x77, 0x78, 0x77, 0x87, 0x78, 0x77, 0x87, 0x78,
    0x79, 0xA7, 0x78, 0x77, 0x87, 0x78, 0x77, 0x87, 0x78, 0x77, 0x87, 0x77,
    0x77, 0x77, 0x78, 0x76, 0x76, 0x67, 0xAA, 0x77, 0xAB, 0x6C, 0xF5, 0xCF,
    0x5C, 0xF5, 0xCF, 0x5B, 0xD5, 0xBE, 0x5B, 0xF5, 0xBF, 0x5B, 0xE5, 0xAE,
    0x5A, 0xE5, 0xBE, 0x5B, 0xF5, 0xCF, 0x5B, 0xE6, 0xBD, 0x7A, 0xB7, 0x79,
    0x77, 0x97, 0x67, 0x77, 0x77, 0x77, 0x77, 0x87, 0x78, 0x77, 0x87, 0x67,
    0x76, 0x77, 0x78, 0x77, 0x77, 0x67, 0x76, 0x76, 0x67, 0x9B, 0xCB, 0xFF,
    0x9B, 0xC6, 0x67, 0x66, 0x8A, 0xA7, 0xFF, 0x7C, 0xC8, 0x77, 0x87, 0x78,
    0xD7, 0x9F, 0x79, 0xF7, 0x89, 0x78, 0x76, 0x77, 0x99, 0x9E, 0xF8, 0xBD,
    0x44, 0x53, 0x33, 0xB9, 0x3C, 0xA3, 0x55, 0x33, 0x34, 0x64, 0x5E, 0x57,
    0x96, 0x77, 0x78, 0x77, 0x87, 0x77, 0x7A, 0xC3, 0x57, 0x11, 0x24, 0x45,
    0x44, 0x54, 0x45, 0x44, 0x54, 0x45, 0x01, 0x11, 0x11, 0x00, 0x11, 0x11,
    0x11, 0x10, 0x01, 0x00, 0x10, 0x01, 0x00, 0x11, 0x23, 0x11, 0x10, 0x11,
    0x45, 0x73, 0x56, 0x11, 0x20, 0x01, 0x00, 0x12, 0x23, 0x21, 0x25, 0x12,
    0x10, 0x11, 0x01, 0x10, 0x12, 0x11, 0x11, 0x12, 0x11, 0x11, 0x21, 0x22,
    0x58, 0xC3, 0x56, 0x11, 0x12, 0x22, 0x33, 0x35, 0x55, 0x66, 0x77, 0x67,
    0x66, 0x76, 0x67, 0x76, 0x7B, 0x78, 0x66, 0x76, 0x67, 0x66, 0x75, 0x56,
    0x55, 0x66, 0x67, 0x66, 0x76, 0x67, 0x66, 0x77, 0x67, 0x77, 0x87, 0x77,
    0x77, 0x77, 0x77, 0x77, 0x87, 0x78, 0x76, 0x77, 0x77, 0x77, 0x86, 0x67,
    0xAA, 0x77, 0x67, 0x67, 0x86, 0x9B, 0x6B, 0xE5, 0xBD, 0x5C, 0xF5, 0xCF,
    0x5C, 0xF5, 0xCF, 0x5C, 0xF5, 0xCF, 0x5B, 0xF5, 0xBF, 0x5B, 0xE5, 0xAE,
    0x5B, 0xE5, 0xCF, 0x6B, 0xE7, 0xBD, 0x79, 0xA7, 0x78, 0x76, 0x77, 0x68,
    0x76, 0x87, 0x78, 0x77, 0x77, 0x78, 0x77, 0x87, 0x78, 0x77, 0x87, 0x78,
    0x77, 0x87, 0x67, 0x8A, 0xBA, 0xDE, 0x77, 0x87, 0x78, 0x77, 0x88, 0x88,
    0xCC, 0x88, 0x78, 0x77, 0x87, 0x78, 0xA7, 0x8F, 0x78, 0xD7, 0x87, 0x77,
    0x66, 0x64, 0x45, 0x7A, 0xC4, 0x67, 0x22, 0x22, 0x22, 0xA9, 0x3A, 0x94,
    0x44, 0x44, 0x45, 0x55, 0x69, 0x67, 0x87, 0x87, 0x78, 0x77, 0x86, 0x66,
    0x34, 0x52, 0x23, 0x33, 0x45, 0x55, 0x44, 0x54, 0x45, 0x55, 0x65, 0x56,
    0x01, 0x10, 0x01, 0x00, 0x10, 0x11, 0x00, 0x10, 0x01, 0x11, 0x11, 0x11,
    0x00, 0x10, 0x01, 0x00, 0x10, 0x01, 0x34, 0x55, 0x89, 0x46, 0x83, 0x45,
    0x01, 0x11, 0x11, 0x22, 0x32, 0x12, 0x11, 0x11, 0x11, 0x11, 0x10, 0x01,
    0x11, 0x16, 0x12, 0x21, 0x21, 0x11, 0x35, 0x62, 0x34, 0x11, 0x11, 0x11,
    0x22, 0x22, 0x23, 0x44, 0x56, 0x67, 0x66, 0x77, 0x78, 0x77, 0x77, 0x67,
    0x77, 0x87, 0x89, 0x77, 0x86, 0x67, 0x66, 0x76, 0x67, 0x66, 0x77, 0x67,
    0x66, 0x76, 0x67, 0x76, 0x77, 0x78, 0x77, 0x87, 0x78, 0x77, 0x87, 0x79,
    0x76, 0x77, 0x78, 0x79, 0x97, 0x68, 0x99, 0x77, 0x77, 0xBB, 0x87, 0x77,
    0x67, 0x86, 0xCE, 0x6C, 0xF6, 0xCF, 0x6C, 0xF6, 0xCF, 0x6C, 0xF5, 0xCF,
    0x5B, 0xF5, 0xBF, 0x5B, 0xF4, 0xBF, 0x5A, 0xE5, 0xAE, 0x5C, 0xF5, 0xCF,
    0x6B, 0xE7, 0xAC, 0x78, 0x97, 0x67, 0x76, 0x77, 0x77, 0x77, 0x77, 0x78,
    0x77, 0x97, 0x79, 0x77, 0x77, 0x78, 0x77, 0x87, 0x79, 0x89, 0xA7, 0x89,
    0x77, 0x87, 0x78, 0x77, 0x87, 0x78, 0x77, 0x88, 0x78, 0x88, 0x87, 0x78,
    0x77, 0x8E, 0x68, 0x85, 0x74, 0x45, 0x44, 0x53, 0x34, 0x34, 0x52, 0x22,
    0x22, 0x22, 0x23, 0xBA, 0x58, 0x85, 0x44, 0x55, 0x56, 0x66, 0x77, 0x78,
    0x88, 0x87, 0x78, 0x55, 0x63, 0x34, 0x11, 0x22, 0x23, 0x44, 0x54, 0x45,
    0x44, 0x54, 0x46, 0x55, 0x64, 0x45, 0x00, 0x10, 0x01, 0x01, 0x11, 0x11,
    0x01, 0x10, 0x01, 0x11, 0x11, 0x11, 0x00, 0x10, 0x01, 0x00, 0x10, 0x01,
    0x22, 0x35, 0x79, 0x57, 0x94, 0x79, 0x46, 0x82, 0x23, 0x11, 0x11, 0x12,
    0x11, 0x11, 0x11, 0x11, 0x11, 0x11, 0x11, 0x12, 0x11, 0x11, 0x11, 0x11,
    0x11, 0x21, 0x12, 0x11, 0x11, 0x11, 0x11, 0x11, 0x12, 0x22, 0x33, 0x34,
    0x44, 0x55, 0x57, 0x66, 0x76, 0x67, 0x66, 0x76, 0x78, 0x66, 0x76, 0x67,
    0x66, 0x76, 0x67, 0x66, 0x76, 0x67, 0x66, 0x76, 0x67, 0x66, 0x76, 0x67,
    0x76, 0x77, 0x78, 0x88, 0x87, 0x78, 0x77, 0x87, 0x78, 0x77, 0x87, 0x77,
    0xDD, 0x78, 0x87, 0x88, 0x77, 0x67, 0x78, 0xA7, 0xDF, 0x7D, 0xF7, 0xDF,
    0x7D, 0xF7, 0xDF, 0x7C, 0xF6, 0xCF, 0x6C, 0xF6, 0xCF, 0x5B, 0xF5, 0xBF,
    0x5B, 0xF5, 0xAF, 0x5A, 0xD5, 0xCF, 0x5C, 0xF5, 0xBE, 0x6B, 0xD7, 0x9B,
    0x77, 0x87, 0x67, 0x76, 0x77, 0x77, 0x77, 0x87, 0x78, 0x77, 0x87, 0x78,
    0x77, 0x87, 0x78, 0x77, 0x87, 0x78, 0x77, 0x87, 0x79, 0x77, 0x87, 0x78,
    0x77, 0x88, 0x78, 0x77, 0x86, 0x67, 0x55, 0x68, 0x46, 0x44, 0x54, 0x44,
    0x43, 0x44, 0x23, 0x22, 0x22, 0x22, 0x33, 0x44, 0x44, 0x77, 0x56, 0x65,
    0x55, 0x66, 0x56, 0x77, 0x88, 0x79, 0x77, 0x85, 0x67, 0x44, 0x51, 0x12,
    0x11, 0x24, 0x45, 0x55, 0x55, 0x55, 0x44, 0x54, 0x45, 0x44, 0x54, 0x45,
    0x00, 0x10, 0x01, 0x01, 0x11, 0x11, 0x11, 0x10, 0x11, 0x00, 0x10, 0x01,
    0x00, 0x10, 0x01, 0x00, 0x11, 0x11, 0x11, 0x15, 0x68, 0x57, 0xA5, 0x79,
    0x47, 0x95, 0x79, 0x34, 0x61, 0x11, 0x11, 0x11, 0x12, 0x11, 0x10, 0x01,
    0x11, 0x11, 0x11, 0x11, 0x11, 0x11, 0x11, 0x11, 0x11, 0x11, 0x11, 0x11,
    0x11, 0x11, 0x12, 0x21, 0x22, 0x22, 0x22, 0x33, 0x34, 0x87, 0x5C, 0x96,
    0x65, 0x65, 0x56, 0x66, 0x76, 0x67, 0x66, 0x76, 0x67, 0x66, 0x76, 0x67,
    0x66, 0x76, 0x67, 0x66, 0x76, 0x67, 0x66, 0x76, 0x67, 0x77, 0x87, 0x78,
    0x77, 0x87, 0x78, 0x77, 0x87, 0x77, 0xDC, 0x78, 0x87, 0x66, 0x77, 0x67,
    0x7A, 0xB7, 0xCE, 0x6B, 0xE7, 0xBE, 0x7B, 0xE7, 0xCE, 0x7C, 0xF7, 0xDF,
    0x6D, 0xF6, 0xCF, 0x6C, 0xF5, 0xCF, 0x5B, 0xF5, 0xBF, 0x5A, 0xF5, 0xBE,
    0x5C, 0xF5, 0xCF, 0x5C, 0xF6, 0xBE, 0x6B, 0xD7, 0x9A, 0x77, 0x87, 0x78,
    0x77, 0x87, 0x78, 0x77, 0x87, 0x78, 0x77, 0x87, 0x78, 0x77, 0x87, 0x78,
    0x88, 0x87, 0x78, 0x77, 0x87, 0x78, 0x77, 0x86, 0x56, 0x54, 0x54, 0x45,
    0x44, 0x53, 0x34, 0x33, 0x42, 0x33, 0x52, 0x36, 0x23, 0x22, 0x33, 0x34,
    0x44, 0x54, 0x45, 0x54, 0x55, 0x56, 0x55, 0x67, 0x89, 0x77, 0x87, 0x78,
    0x66, 0x77, 0x56, 0x63, 0x51, 0x12, 0x33, 0x34, 0x45, 0x44, 0x55, 0x55,
    0x44, 0x54, 0x45, 0x44, 0x54, 0x45, 0x00, 0x10, 0x01, 0x11, 0x11, 0x11,
    0x11, 0x11, 0x01, 0x10, 0x11, 0x01, 0x00, 0x11, 0x01, 0x11, 0x11, 0x11,
    0x00, 0x14, 0x57, 0x57, 0xA6, 0x79, 0x47, 0x94, 0x69, 0x57, 0xA4, 0x68,
    0x22, 0x33, 0x34, 0x33, 0x31, 0x11, 0x11, 0x11, 0x11, 0x11, 0x11, 0x11,
    0x11, 0x11, 0x11, 0x11, 0x11, 0x11, 0x11, 0x22, 0x12, 0x21, 0x22, 0x12,
    0x21, 0x23, 0x22, 0xC8, 0x3F, 0xB3, 0xB8, 0x55, 0x45, 0x55, 0x65, 0x56,
    0x65, 0x66, 0x67, 0x66, 0x77, 0x77, 0x76, 0x77, 0x67, 0x66, 0x76, 0x67,
    0x66, 0x76, 0x67, 0x77, 0x77, 0x77, 0x66, 0x76, 0x67, 0x66, 0x76, 0x67,
    0x77, 0x77, 0x67, 0x66, 0x77, 0x67, 0x69, 0xC4, 0xAF, 0x4A, 0xF4, 0xAF,
    0x4A, 0xF4, 0xAF, 0x5A, 0xE5, 0xAE, 0x6B, 0xE6, 0xDF, 0x6D, 0xF6, 0xCF,
    0x5C, 0xF5, 0xBF, 0x4B, 0xF5, 0xAD, 0x6C, 0xE6, 0xCE, 0x6C, 0xE6, 0xCE,
    0x7B, 0xD7, 0xAC, 0x78, 0x97, 0x78, 0x77, 0x87, 0x78, 0x77, 0x87, 0x78,
    0x76, 0x87, 0xA8, 0x7B, 0x97, 0x88, 0x76, 0x87, 0x78, 0x76, 0x86, 0x57,
    0x54, 0x54, 0x45, 0x44, 0x54, 0x34, 0x33, 0x43, 0x33, 0x32, 0x32, 0x23,
    0x32, 0x33, 0x34, 0x44, 0x54, 0x45, 0x44, 0x55, 0x45, 0x55, 0x65, 0x56,
    0x66, 0x77, 0x78, 0x98, 0x9B, 0x78, 0xD6, 0x7F, 0x56, 0x62, 0x31, 0x23,
    0x44, 0x54, 0x45, 0x44, 0x54, 0x45, 0x44, 0x54, 0x45, 0x44, 0x54, 0x45,
    0x00, 0x10, 0x01, 0x11, 0x11, 0x11, 0x11, 0x11, 0x01, 0x10, 0x11, 0x01,
    0x10, 0x11, 0x11, 0x11, 0x11, 0x11, 0x00, 0x13, 0x45, 0x58, 0xA5, 0x79,
    0x57, 0x94, 0x79, 0x46, 0x95, 0x7A, 0x57, 0xA7, 0x89, 0x66, 0x73, 0x34,
    0x11, 0x11, 0x11, 0x11, 0x11, 0x11, 0x11, 0x11, 0x11, 0x11, 0x11, 0x12,
    0x21, 0x23, 0x23, 0x22, 0x32, 0x23, 0x11, 0x24, 0x32, 0xD9, 0x2E, 0x92,
    0xE9, 0x39, 0x64, 0x64, 0x44, 0x45, 0x44, 0x55, 0x56, 0x55, 0x65, 0x56,
    0x55, 0x65, 0x56, 0x66, 0x76, 0x67, 0x65, 0x66, 0x67, 0x76, 0x76, 0x67,
    0x66, 0x76, 0x67, 0x66, 0x77, 0x78, 0xCC, 0xBA, 0xAA, 0xAA, 0xA8, 0x89,
    0x78, 0xA4, 0xAE, 0x4A, 0xF4, 0xAF, 0x4A, 0xF4, 0xAF, 0x4B, 0xF4, 0xBF,
    0x4A, 0xF8, 0x9B, 0x7B, 0xD6, 0xDF, 0x6C, 0xF5, 0xCF, 0x4B, 0xF6, 0x8A,
    0x77, 0x87, 0x78, 0x77, 0x87, 0x78, 0x77, 0x87, 0x78, 0x77, 0x77, 0x78,
    0x77, 0x88, 0x88, 0x99, 0x87, 0x78, 0x77, 0x87, 0xD9, 0x7E, 0x97, 0xB8,
    0x68, 0x76, 0x77, 0x58, 0x74, 0x65, 0x44, 0x43, 0x34, 0x33, 0x43, 0x34,
    0x33, 0x33, 0x33, 0x33, 0x33, 0x34, 0x44, 0x44, 0x45, 0x44, 0x54, 0x45,
    0x44, 0x55, 0x55, 0x55, 0x67, 0x67, 0xB8, 0x9E, 0x89, 0xF7, 0x8F, 0x56,
    0xF5, 0x7A, 0x34, 0x11, 0x24, 0x56, 0x56, 0x75, 0x45, 0x44, 0x54, 0x45,
    0x55, 0x65, 0x56, 0x44, 0x54, 0x45, 0x00, 0x11, 0x11, 0x11, 0x11, 0x11,
    0x11, 0x11, 0x01, 0x10, 0x11, 0x01, 0x10, 0x11, 0x12, 0x11, 0x11, 0x11,
    0x00, 0x12, 0x34, 0x68, 0xA5, 0x8A, 0x68, 0xA6, 0x8A, 0x57, 0xA3, 0x69,
    0x47, 0x98, 0xBD, 0xBD, 0xE8, 0x89, 0x44, 0x51, 0x12, 0x11, 0x11, 0x11,
    0x11, 0x11, 0x11, 0x11, 0x11, 0x11, 0x11, 0x11, 0x12, 0x22, 0x33, 0x33,
    0x22, 0x35, 0x33, 0xD8, 0x3E, 0xA3, 0xC8, 0x3D, 0x83, 0xD9, 0x3B, 0x74,
    0x86, 0x46, 0x55, 0x54, 0x55, 0x56, 0x55, 0x65, 0x45, 0x66, 0x77, 0x78,
    0x77, 0x77, 0x78, 0xC7, 0x89, 0x78, 0x77, 0x87, 0x78, 0x77, 0x8C, 0xCC,
    0xED, 0xDC, 0xCC, 0xFF, 0xFF, 0xFF, 0xEE, 0xED, 0xDE, 0xBC, 0xE9, 0xBD,
    0x8B, 0xD8, 0xAC, 0xA8, 0x96, 0x9D, 0x69, 0xCE, 0x78, 0xE7, 0x78, 0x8A,
    0x6B, 0xE6, 0xBE, 0x7B, 0xEA, 0xBB, 0x88, 0x97, 0x67, 0x77, 0x77, 0x78,
    0x77, 0x87, 0x78, 0x66, 0x77, 0x78, 0x77, 0x88, 0x88, 0xBB, 0x87, 0x78,
    0x78, 0x87, 0xD8, 0x6C, 0x75, 0xB7, 0x5B, 0x75, 0xA6, 0x49, 0x64, 0x75,
    0x33, 0x33, 0x33, 0x33, 0x43, 0x34, 0x33, 0x43, 0x34, 0x43, 0x44, 0x44,
    0x44, 0x54, 0x45, 0x44, 0x56, 0x55, 0x85, 0x6B, 0x67, 0xE7, 0x9F, 0x9A,
    0xF8, 0x9F, 0x66, 0xF5, 0x6F, 0x67, 0xE4, 0x64, 0x22, 0x22, 0x34, 0x45,
    0x44, 0x54, 0x45, 0x44, 0x54, 0x45, 0x44, 0x64, 0x46, 0x44, 0x54, 0x56,
    0x00, 0x11, 0x11, 0x11, 0x11, 0x11, 0x11, 0x11, 0x01, 0x10, 0x11, 0x01,
    0x10, 0x11, 0x11, 0x11, 0x11, 0x11, 0x11, 0x11, 0x22, 0x56, 0x84, 0x67,
    0x45, 0x64, 0x69, 0x36, 0x93, 0x69, 0x23, 0x53, 0x34, 0x89, 0xAB, 0xCC,
    0x99, 0xA5, 0x56, 0x11, 0x21, 0x11, 0x11, 0x11, 0x11, 0x11, 0x11, 0x11,
    0x11, 0x11, 0x11, 0x11, 0x22, 0x22, 0x22, 0x33, 0x23, 0x43, 0x36, 0x44,
    0x96, 0x3E, 0x93, 0xEA, 0x3E, 0xA3, 0xD9, 0x3C, 0x83, 0xA7, 0x47, 0x55,
    0x55, 0x55, 0x56, 0x55, 0x65, 0x56, 0x55, 0x66, 0x67, 0x77, 0x77, 0x67,
    0x76, 0x76, 0x67, 0x66, 0x7D, 0xDD, 0xDD, 0xDC, 0xCC, 0xDD, 0xEF, 0xFF,
    0xFF, 0xFF, 0xFF, 0xFF, 0xFF, 0xFF, 0xFF, 0xFF, 0xEE, 0xF7, 0x6C, 0x99,
    0xD8, 0x8F, 0x65, 0xF6, 0x5C, 0x66, 0xDD, 0xEE, 0xEE, 0xEE, 0xFE, 0xFF,
    0xCC, 0xD5, 0x56, 0x55, 0x66, 0x67, 0x76, 0x76, 0x67, 0x66, 0x77, 0x78,
    0x77, 0x87, 0x78, 0x77, 0x87, 0x78, 0x66, 0x74, 0x65, 0x59, 0x64, 0x96,
    0x49, 0x64, 0xA6, 0x4A, 0x64, 0x65, 0x43, 0x43, 0x34, 0x33, 0x43, 0x34,
    0x44, 0x44, 0x44, 0x44, 0x54, 0x45, 0x44, 0x58, 0x56, 0xD7, 0x8F, 0x78,
    0xF7, 0x9F, 0x79, 0xF8, 0x9F, 0x77, 0xF6, 0x6F, 0x78, 0xF6, 0x8F, 0x46,
    0x93, 0x42, 0x22, 0x44, 0x54, 0x45, 0x44, 0x55, 0x55, 0x55, 0x54, 0x45,
    0x44, 0x54, 0x45, 0x44, 0x54, 0x45, 0x00, 0x01, 0x11, 0x11, 0x11, 0x11,
    0x11, 0x11, 0x11, 0x11, 0x11, 0x11, 0x10, 0x11, 0x11, 0x11, 0x11, 0x11,
    0x11, 0x11, 0x11, 0x11, 0x11, 0x11, 0x00, 0x11, 0x35, 0x25, 0x83, 0x57,
    0x11, 0x12, 0x22, 0x55, 0x68, 0x78, 0x99, 0xA7, 0x77, 0x33, 0x31, 0x11,
    0x11, 0x11, 0x11, 0x11, 0x11, 0x11, 0x11, 0x11, 0x11, 0x11, 0x11, 0x11,
    0x11, 0x22, 0x22, 0x22, 0x32, 0x23, 0x33, 0x38, 0x53, 0xE9, 0x3F, 0xB4,
    0xFB, 0x4E, 0xA4, 0xEA, 0x4E, 0xA4, 0xD9, 0x58, 0x65, 0x44, 0x54, 0x45,
    0x44, 0x54, 0x45, 0x44, 0x54, 0x45, 0x44, 0x54, 0x45, 0x44, 0x5C, 0xCC,
    0xDD, 0xCB, 0xBB, 0xCC, 0xDE, 0xEF, 0xDE, 0xFD, 0xEF, 0xDE, 0xED, 0xEE,
    0xDD, 0xDD, 0xAA, 0xB6, 0x7C, 0x77, 0xB6, 0x7C, 0x78, 0xC8, 0x8C, 0xAA,
    0xEF, 0xFF, 0xFF, 0xEF, 0xFE, 0xFF, 0xEE, 0xF7, 0x78, 0x66, 0x76, 0x67,
    0x66, 0x77, 0x77, 0x77, 0x76, 0x67, 0x66, 0x75, 0x56, 0x55, 0x65, 0x56,
    0x44, 0x54, 0x86, 0x59, 0x64, 0x75, 0x47, 0x54, 0x65, 0x47, 0x54, 0x44,
    0x43, 0x43, 0x34, 0x44, 0x44, 0x45, 0x44, 0x54, 0x45, 0x44, 0x54, 0x45,
    0x54, 0x56, 0x56, 0x75, 0x69, 0x67, 0xB7, 0x8F, 0x67, 0xF6, 0x6F, 0x78,
    0xF7, 0x9F, 0x68, 0xF5, 0x6D, 0x45, 0x32, 0x33, 0x34, 0x44, 0x55, 0x45,
    0x44, 0x54, 0x45, 0x44, 0x54, 0x45, 0x44, 0x54, 0x45, 0x43, 0x44, 0x45,
    0x00, 0x11, 0x11, 0x11, 0x11, 0x11, 0x11, 0x11, 0x11, 0x11, 0x11, 0x11,
    0x11, 0x11, 0x11, 0x11, 0x11, 0x11, 0x11, 0x11, 0x11, 0x11, 0x11, 0x11,
    0x11, 0x11, 0x23, 0x35, 0x82, 0x23, 0x11, 0x11, 0x12, 0x44, 0x57, 0x78,
    0x88, 0x97, 0x67, 0x22, 0x32, 0x12, 0x22, 0x21, 0x12, 0x11, 0x11, 0x11,
    0x11, 0x11, 0x11, 0x11, 0x11, 0x11, 0x41, 0x22, 0x12, 0x21, 0x22, 0x22,
    0x22, 0x32, 0x23, 0x75, 0x3E, 0x94, 0xFA, 0x4F, 0xB4, 0xFB, 0x4F, 0xA4,
    0xFB, 0x4D, 0x94, 0x44, 0x44, 0x34, 0x44, 0x44, 0x44, 0x44, 0x54, 0x45,
    0x44, 0x54, 0x45, 0x44, 0x5B, 0xBB, 0xDD, 0xBB, 0xBA, 0xBB, 0xCB, 0xBC,
    0xBB, 0xBB, 0xBB, 0xAA, 0xAA, 0x88, 0xD5, 0x49, 0x44, 0xA7, 0x8B, 0x67,
    0xC6, 0x6B, 0xBB, 0xCD, 0xCC, 0xDD, 0xCD, 0xDD, 0xDE, 0xEE, 0xFF, 0xFF,
    0xCC, 0xD6, 0x66, 0x66, 0x76, 0x56, 0x55, 0x65, 0x45, 0x44, 0x54, 0x45,
    0x44, 0x54, 0x45, 0x44, 0x44, 0x34, 0x47, 0x54, 0xA6, 0x46, 0x55, 0xA6,
    0x67, 0x6A, 0x45, 0x54, 0x54, 0x34, 0x33, 0x44, 0x34, 0x44, 0x54, 0x45,
    0x44, 0x54, 0x45, 0x44, 0x55, 0x45, 0x55, 0x65, 0x56, 0x55, 0x65, 0x56,
    0x66, 0x7C, 0x66, 0xF6, 0x6F, 0x67, 0xF5, 0x7F, 0x56, 0xF4, 0x68, 0x34,
    0x22, 0x34, 0x45, 0x54, 0x55, 0x45, 0x44, 0x54, 0x45, 0x44, 0x54, 0x45,
    0x44, 0x54, 0x45, 0x44, 0x54, 0x45, 0x11, 0x21, 0x11, 0x11, 0x11, 0x11,
    0x11, 0x11, 0x11, 0x11, 0x11, 0x11, 0x11, 0x11, 0x11, 0x11, 0x11, 0x11,
    0x11, 0x11, 0x11, 0x11, 0x11, 0x11, 0x11, 0x11, 0x11, 0x23, 0x41, 0x11,
    0x11, 0x11, 0x11, 0x22, 0x35, 0x56, 0x77, 0x86, 0x67, 0x33, 0x42, 0x22,
    0x33, 0x42, 0x23, 0x11, 0x11, 0x11, 0x11, 0x11, 0x11, 0x11, 0x11, 0x11,
    0x41, 0x12, 0x11, 0x11, 0x11, 0x12, 0x22, 0x22, 0x23, 0x22, 0x37, 0x43,
    0xD8, 0x4F, 0xA3, 0xFA, 0x3E, 0xA3, 0xFB, 0x4E, 0xA4, 0x65, 0x44, 0x44,
    0x44, 0x54, 0x44, 0x44, 0x54, 0x45, 0x44, 0x54, 0x45, 0x44, 0x4A, 0xAA,
    0xCC, 0xAB, 0xBB, 0xCC, 0xCA, 0xAA, 0x77, 0x85, 0x56, 0x74, 0x4E, 0x54,
    0xB4, 0x59, 0x34, 0x84, 0x44, 0x44, 0xB3, 0x3E, 0x55, 0xB8, 0x89, 0x99,
    0xAA, 0xAB, 0xBB, 0xBB, 0xB9, 0x9A, 0x65, 0x64, 0x45, 0x44, 0x54, 0x45,
    0x44, 0x54, 0x45, 0x44, 0x54, 0x46, 0x44, 0x54, 0x44, 0x43, 0x44, 0x44,
    0x49, 0x54, 0x95, 0x48, 0x55, 0xA6, 0x54, 0x58, 0x45, 0x54, 0x54, 0x44,
    0x44, 0x54, 0x44, 0x44, 0x54, 0x45, 0x44, 0x54, 0x45, 0x55, 0x65, 0x56,
    0x55, 0x66, 0x56, 0x66, 0x76, 0x67, 0x66, 0x79, 0x66, 0xF5, 0x5F, 0x34,
    0x73, 0x48, 0x34, 0xC3, 0x54, 0x23, 0x33, 0x44, 0x45, 0x54, 0x54, 0x45,
    0x44, 0x54, 0x45, 0x44, 0x54, 0x45, 0x44, 0x54, 0x45, 0x44, 0x54, 0x45,
    0x11, 0x21, 0x11, 0x11, 0x21, 0x11, 0x11, 0x11, 0x11, 0x11, 0x11, 0x11,
    0x11, 0x11, 0x11, 0x11, 0x11, 0x11, 0x11, 0x11, 0x11, 0x11, 0x11, 0x11,
    0x11, 0x11, 0x11, 0x11, 0x21, 0x11, 0x11, 0x11, 0x11, 0x11, 0x23, 0x33,
    0x55, 0x66, 0x56, 0x55, 0x65, 0x56, 0x66, 0x74, 0x44, 0x22, 0x21, 0x11,
    0x11, 0x11, 0x11, 0x11, 0x11, 0x11, 0x11, 0x11, 0x11, 0x11, 0x11, 0x11,
    0x11, 0x12, 0x12, 0x22, 0x22, 0x23, 0x64, 0x3D, 0x84, 0xFA, 0x4F, 0xA4,
    0xFA, 0x4E, 0x94, 0x85, 0x54, 0x45, 0x44, 0x54, 0x45, 0x44, 0x54, 0x45,
    0x44, 0x54, 0x45, 0x44, 0x48, 0x88, 0xCC, 0xAB, 0xBA, 0x77, 0x74, 0x44,
    0x33, 0x43, 0x34, 0x73, 0x4C, 0x33, 0x73, 0x4C, 0x34, 0x84, 0x43, 0x34,
    0x43, 0x4A, 0x33, 0xF4, 0x49, 0x56, 0x33, 0x44, 0x45, 0x55, 0x53, 0x34,
    0x33, 0x44, 0x34, 0x43, 0x44, 0x34, 0x43, 0x44, 0x44, 0x44, 0x44, 0x35,
    0x43, 0x44, 0x34, 0x33, 0x44, 0x44, 0x44, 0x44, 0x85, 0x5A, 0x64, 0x65,
    0x43, 0x44, 0x44, 0x44, 0x54, 0x44, 0x44, 0x54, 0x45, 0x44, 0x54, 0x45,
    0x55, 0x65, 0x57, 0x55, 0x65, 0x56, 0x55, 0x65, 0x56, 0x66, 0x76, 0x56,
    0x66, 0x76, 0x56, 0xD4, 0x4A, 0x34, 0x22, 0x32, 0x23, 0x22, 0x33, 0x34,
    0x44, 0x54, 0x45, 0x54, 0x55, 0x57, 0x44, 0x54, 0x45, 0x44, 0x54, 0x45,
    0x44, 0x54, 0x45, 0x44, 0x54, 0x44, 0x11, 0x11, 0x11, 0x12, 0x31, 0x11,
    0x11, 0x11, 0x11, 0x11, 0x11, 0x11, 0x11, 0x11, 0x11, 0x11, 0x11, 0x11,
    0x11, 0x11, 0x11, 0x11, 0x11, 0x11, 0x11, 0x11, 0x11, 0x11, 0x12, 0x22,
    0x11, 0x11, 0x11, 0x11, 0x11, 0x12, 0x33, 0x45, 0x55, 0x65, 0x67, 0x78,
    0x88, 0x97, 0x67, 0x55, 0x65, 0x56, 0x21, 0x21, 0x11, 0x11, 0x21, 0x11,
    0x11, 0x12, 0x11, 0x11, 0x11, 0x11, 0x11, 0x11, 0x11, 0x21, 0x22, 0x22,
    0x22, 0x36, 0x43, 0xD8, 0x4E, 0x94, 0xD8, 0x4A, 0x64, 0x54, 0x44, 0x44,
    0x44, 0x54, 0x45, 0x44, 0x54, 0x45, 0x44, 0x54, 0x45, 0x44, 0x55, 0x55,
    0x66, 0x64, 0x45, 0x33, 0x44, 0x34, 0x44, 0x44, 0x44, 0x44, 0x44, 0x34,
    0x74, 0x4E, 0x44, 0x74, 0x43, 0x34, 0x33, 0x44, 0x34, 0xB4, 0x4E, 0x55,
    0x65, 0x53, 0x34, 0x33, 0x44, 0x34, 0x33, 0x43, 0x34, 0x33, 0x43, 0x34,
    0x33, 0x43, 0x34, 0x33, 0x43, 0x34, 0x33, 0x43, 0x34, 0x33, 0x43, 0x34,
    0x33, 0x44, 0x65, 0x46, 0x53, 0x34, 0x43, 0x44, 0x44, 0x44, 0x44, 0x34,
    0x44, 0x55, 0x56, 0x66, 0x76, 0x67, 0x76, 0x76, 0x68, 0x66, 0x76, 0x67,
    0x66, 0x77, 0x67, 0x66, 0x76, 0x67, 0x65, 0x64, 0x45, 0x74, 0x54, 0x34,
    0x22, 0x32, 0x23, 0x33, 0x34, 0x44, 0x44, 0x54, 0x45, 0x44, 0x54, 0x45,
    0x44, 0x54, 0x45, 0x44, 0x54, 0x45, 0x44, 0x54, 0x44, 0x44, 0x54, 0x45,
    0x55, 0x51, 0x11, 0x11, 0x11, 0x11, 0x11, 0x11, 0x11, 0x21, 0x24, 0x13,
    0x21, 0x21, 0x11, 0x11, 0x11, 0x11, 0x11, 0x11, 0x11, 0x11, 0x11, 0x12,
    0x11, 0x21, 0x12, 0x11, 0x11, 0x12, 0x21, 0x21, 0x11, 0x11, 0x11, 0x11,
    0x21, 0x23, 0x34, 0x45, 0x55, 0x56, 0x77, 0x88, 0x89, 0x88, 0x98, 0x89,
    0x77, 0x74, 0x45, 0x22, 0x22, 0x22, 0x22, 0x22, 0x22, 0x21, 0x12, 0x11,
    0x22, 0x22, 0x12, 0x21, 0x22, 0x12, 0x22, 0x22, 0x22, 0x43, 0x35, 0x45,
    0x54, 0x53, 0x34, 0x33, 0x44, 0x34, 0x44, 0x44, 0x34, 0x43, 0x43, 0x34,
    0x33, 0x43, 0x34, 0x33, 0x43, 0x34, 0x33, 0x43, 0x34, 0x33, 0x43, 0x34,
    0x33, 0x43, 0x34, 0x33, 0x44, 0x34, 0xD5, 0x5E, 0x55, 0x54, 0x54, 0x34,
    0x44, 0x44, 0x45, 0x74, 0x4E, 0x44, 0x74, 0x54, 0x45, 0x44, 0x54, 0x45,
    0x44, 0x54, 0x45, 0x44, 0x54, 0x45, 0x44, 0x54, 0x34, 0x33, 0x43, 0x34,
    0x33, 0x43, 0x34, 0x33, 0x44, 0x34, 0x43, 0x44, 0x44, 0x33, 0x44, 0x34,
    0x44, 0x44, 0x44, 0x44, 0x44, 0x45, 0x54, 0x55, 0x56, 0x66, 0x76, 0x67,
    0x66, 0x75, 0x56, 0x55, 0x65, 0x56, 0x55, 0x65, 0x56, 0x55, 0x64, 0x45,
    0x44, 0x55, 0x56, 0x44, 0x52, 0x23, 0x22, 0x23, 0x34, 0x44, 0x44, 0x45,
    0x54, 0x55, 0x45, 0x55, 0x54, 0x44, 0x44, 0x54, 0x45, 0x54, 0x55, 0x45,
    0x44, 0x54, 0x45, 0x44, 0x55, 0x56, 0x77, 0x71, 0x11, 0x11, 0x11, 0x11,
    0x11, 0x11, 0x11, 0x31, 0x25, 0x13, 0x52, 0x42, 0x12, 0x11, 0x11, 0x11,
    0x11, 0x11, 0x23, 0x57, 0x96, 0x8A, 0x67, 0xA6, 0x79, 0x56, 0x84, 0x68,
    0x57, 0x93, 0x46, 0x22, 0x21, 0x11, 0x11, 0x11, 0x12, 0x64, 0x59, 0x67,
    0x86, 0x68, 0x77, 0x87, 0x88, 0x78, 0x77, 0x88, 0x88, 0x66, 0x72, 0x23,
    0x22, 0x22, 0x22, 0x21, 0x22, 0x11, 0x22, 0x22, 0x22, 0x22, 0x22, 0x22,
    0x22, 0x22, 0x22, 0x22, 0x23, 0x33, 0x44, 0x44, 0x34, 0x44, 0x54, 0x45,
    0x44, 0x54, 0x45, 0x44, 0x54, 0x45, 0x44, 0x54, 0x45, 0x44, 0x44, 0x44,
    0x44, 0x44, 0x44, 0x43, 0x44, 0x34, 0x43, 0x44, 0x34, 0x74, 0x4C, 0x43,
    0xF4, 0x39, 0x45, 0x33, 0x43, 0x34, 0x33, 0x43, 0x34, 0x53, 0x4A, 0x34,
    0x43, 0x43, 0x34, 0x43, 0x44, 0x44, 0x44, 0x44, 0x34, 0x43, 0x43, 0x34,
    0x43, 0x44, 0x44, 0x44, 0x44, 0x44, 0x44, 0x44, 0x44, 0x44, 0x54, 0x45,
    0x44, 0x54, 0x44, 0x44, 0x44, 0x44, 0x44, 0x54, 0x45, 0x44, 0x55, 0x56,
    0x55, 0x65, 0x45, 0x44, 0x54, 0x45, 0x55, 0x55, 0x45, 0x44, 0x55, 0x45,
    0x44, 0x54, 0x45, 0x44, 0x54, 0x45, 0x54, 0x55, 0x55, 0x22, 0x32, 0x12,
    0x33, 0x44, 0x44, 0x44, 0x54, 0x45, 0x44, 0x55, 0x55, 0x44, 0x53, 0x34,
    0x44, 0x54, 0x45, 0x84, 0x5E, 0x44, 0xC4, 0x45, 0x45, 0x44, 0x55, 0x55,
    0x66, 0x61, 0x11, 0x11, 0x13, 0x12, 0x21, 0x23, 0x12, 0x51, 0x36, 0x14,
    0x62, 0x42, 0x12, 0x11, 0x11, 0x11, 0x11, 0x13, 0x58, 0x9A, 0xC6, 0x8B,
    0x58, 0xB6, 0x8C, 0x68, 0xC6, 0x8C, 0x8B, 0xE8, 0xCF, 0x58, 0xC2, 0x35,
    0x11, 0x14, 0x12, 0xA8, 0x9E, 0xBC, 0xFA, 0x9E, 0x99, 0xE9, 0x9C, 0x99,
    0xA8, 0x88, 0x78, 0x77, 0x86, 0x67, 0x33, 0x32, 0x22, 0x11, 0x21, 0x11,
    0x22, 0x22, 0x22, 0x22, 0x22, 0x22, 0x22, 0x21, 0x11, 0x22, 0x23, 0x34,
    0x44, 0x44, 0x44, 0x44, 0x55, 0x45, 0x44, 0x44, 0x45, 0x44, 0x54, 0x45,
    0x44, 0x54, 0x45, 0x44, 0x54, 0x45, 0x44, 0x54, 0x45, 0x44, 0x54, 0x45,
    0x44, 0x48, 0x44, 0xA4, 0x47, 0x33, 0x73, 0x23, 0x23, 0x43, 0x34, 0x34,
    0x43, 0x43, 0x34, 0x43, 0x44, 0x34, 0x33, 0x43, 0x34, 0x43, 0x44, 0x34,
    0x43, 0x43, 0x34, 0x33, 0x43, 0x34, 0x43, 0x44, 0x45, 0x44, 0x44, 0x44,
    0x44, 0x44, 0x44, 0x43, 0x44, 0x34, 0x44, 0x44, 0x44, 0x44, 0x44, 0x44,
    0x44, 0x54, 0x45, 0x55, 0x64, 0x45, 0x55, 0x65, 0x55, 0x44, 0x54, 0x45,
    0x44, 0x54, 0x45, 0x44, 0x55, 0x56, 0x45, 0x64, 0x45, 0x44, 0x54, 0x45,
    0x55, 0x63, 0x33, 0x23, 0x34, 0x55, 0x44, 0x54, 0x34, 0x44, 0x54, 0x45,
    0x44, 0x54, 0x45, 0x33, 0x44, 0x34, 0x44, 0x54, 0x45, 0x94, 0x4F, 0x33,
    0xC4, 0x45, 0x45, 0x44, 0x55, 0x56, 0x77, 0x61, 0x11, 0x21, 0x25, 0x13,
    0x51, 0x35, 0x13, 0x51, 0x34, 0x13, 0x31, 0x21, 0x11, 0x11, 0x11, 0x11,
    0x11, 0x25, 0x79, 0x79, 0xC5, 0x7B, 0x58, 0xB5, 0x8C, 0x47, 0xC5, 0x8C,
    0x7A, 0xE8, 0xCF, 0x8C, 0xF5, 0x9E, 0x23, 0x46, 0x22, 0x97, 0x8B, 0x43,
    0xF6, 0x5F, 0x86, 0xF8, 0x6F, 0x87, 0xF9, 0x8F, 0x98, 0xC7, 0x78, 0x78,
    0x67, 0x74, 0x34, 0x43, 0x46, 0x56, 0x75, 0x77, 0x57, 0x75, 0x66, 0x56,
    0x65, 0x65, 0x45, 0x32, 0x33, 0x33, 0x44, 0x44, 0x45, 0x44, 0x54, 0x45,
    0x44, 0x45, 0x66, 0x56, 0x65, 0x66, 0x55, 0x54, 0x45, 0x44, 0x54, 0x44,
    0x44, 0x54, 0x45, 0x44, 0x54, 0x44, 0x44, 0x45, 0x44, 0x64, 0x48, 0x34,
    0xB4, 0x4D, 0x55, 0xE6, 0x6E, 0x56, 0xD5, 0x58, 0x44, 0x33, 0x43, 0x34,
    0x43, 0x44, 0x34, 0x43, 0x44, 0x34, 0x33, 0x44, 0x34, 0x53, 0x44, 0x34,
    0x44, 0x44, 0x44, 0x43, 0x44, 0x34, 0x33, 0x43, 0x45, 0x45, 0x64, 0x57,
    0x45, 0x74, 0x46, 0x44, 0x44, 0x44, 0x44, 0x55, 0x56, 0x55, 0x64, 0x45,
    0x55, 0x64, 0x45, 0x54, 0x58, 0x56, 0xA7, 0x8B, 0x89, 0xB7, 0x8A, 0x66,
    0x85, 0x55, 0x45, 0x44, 0x55, 0x56, 0x33, 0x43, 0x55, 0xAC, 0xC9, 0xDA,
    0x58, 0x64, 0x44, 0x54, 0x54, 0x45, 0x44, 0x54, 0x45, 0x33, 0x44, 0x45,
    0x54, 0x54, 0x45, 0xA4, 0x4D, 0x34, 0x64, 0x44, 0x45, 0x55, 0x55, 0x56,
    0x88, 0x71, 0x11, 0x11, 0x14, 0x13, 0x61, 0x45, 0x24, 0x41, 0x35, 0x13,
    0x32, 0x21, 0x11, 0x11, 0x11, 0x11, 0x11, 0x25, 0x7A, 0x79, 0xD5, 0x8C,
    0x58, 0xC3, 0x6B, 0x26, 0xC3, 0x7D, 0x48, 0xE7, 0xBF, 0x9C, 0xF7, 0xBF,
    0x47, 0xC8, 0x33, 0x96, 0x69, 0x43, 0xB4, 0x3F, 0x75, 0xF7, 0x6F, 0x76,
    0xF7, 0x6F, 0x97, 0xFA, 0x8E, 0x87, 0xA6, 0x8D, 0xAC, 0xCB, 0xC7, 0x68,
    0x85, 0x78, 0x58, 0x85, 0x89, 0x68, 0x96, 0x89, 0x68, 0x73, 0x53, 0x23,
    0x22, 0x23, 0x34, 0x56, 0x68, 0xAA, 0xAC, 0xCA, 0xCB, 0x9C, 0xB9, 0xCA,
    0x8B, 0x86, 0x97, 0x56, 0x54, 0x34, 0x44, 0x55, 0x45, 0x54, 0x58, 0x44,
    0xB4, 0x4E, 0x44, 0xF4, 0x4F, 0x44, 0xF5, 0x5F, 0x66, 0xF7, 0x6F, 0x66,
    0xF4, 0x5F, 0x44, 0xB4, 0x56, 0x45, 0x43, 0x44, 0x34, 0x43, 0x43, 0x34,
    0x53, 0x5B, 0x9A, 0xCB, 0xCA, 0x58, 0x54, 0x54, 0x44, 0x43, 0x43, 0x45,
    0x57, 0x99, 0xBD, 0xAC, 0xEA, 0xCF, 0x9C, 0xE7, 0xBE, 0x69, 0xC4, 0x68,
    0x44, 0x55, 0x45, 0x55, 0x64, 0x45, 0x54, 0x58, 0x66, 0xDB, 0xBF, 0xDD,
    0xFB, 0xBF, 0x98, 0xF9, 0x7F, 0x87, 0xF7, 0x6E, 0x55, 0x84, 0x54, 0x44,
    0x23, 0x38, 0xAA, 0xAD, 0xB8, 0xD9, 0x5B, 0x74, 0x55, 0x54, 0x54, 0x45,
    0x44, 0x54, 0x34, 0x43, 0x45, 0x45, 0x44, 0x56, 0x45, 0xE3, 0x4D, 0x34,
    0x56, 0x74, 0x45, 0x44, 0x55, 0x55, 0x98, 0x61, 0x11, 0x11, 0x12, 0x12,
    0x41, 0x34, 0x13, 0x52, 0x33, 0x13, 0x62, 0x42, 0x12, 0x11, 0x11, 0x11,
    0x12, 0x35, 0x8B, 0x79, 0xD5, 0x8B, 0x58, 0xC2, 0x6B, 0x24, 0x63, 0x57,
    0x38, 0xD5, 0x9E, 0x8B, 0xF8, 0xBF, 0x59, 0xEC, 0x78, 0xA8, 0x79, 0x43,
    0xA4, 0x3B, 0x32, 0xF4, 0x4F, 0x54, 0xF6, 0x5F, 0x86, 0xF8, 0x6F, 0x97,
    0xF6, 0x8F, 0xCE, 0xFC, 0xFC, 0x8C, 0x75, 0x77, 0x46, 0x84, 0x78, 0x47,
    0x84, 0x78, 0x47, 0x73, 0x55, 0x23, 0x22, 0x22, 0x32, 0x9A, 0xAB, 0xDD,
    0x8B, 0x97, 0xB7, 0x7B, 0x77, 0xB7, 0x8C, 0x88, 0xC8, 0x7B, 0x84, 0x65,
    0x74, 0x4B, 0x34, 0xE3, 0x3F, 0x33, 0xF3, 0x4F, 0x44, 0xF3, 0x3F, 0x85,
    0xFA, 0x6F, 0x66, 0xF7, 0x6F, 0x66, 0xF4, 0x5F, 0x44, 0xF3, 0x4C, 0x46,
    0x64, 0x64, 0x45, 0x44, 0x43, 0x34, 0xA6, 0x9D, 0xDF, 0xD8, 0xCD, 0x7B,
    0xA4, 0x74, 0x44, 0x34, 0x58, 0xAC, 0xCE, 0xFA, 0xCF, 0x8B, 0xF8, 0xBF,
    0x8B, 0xF8, 0xCF, 0x8C, 0xF7, 0xCF, 0x58, 0xC4, 0x46, 0x44, 0x54, 0x44,
    0x95, 0x6E, 0xDE, 0xFC, 0xCF, 0x87, 0xF7, 0x6F, 0x76, 0xF7, 0x6F, 0x76,
    0xF7, 0x6F, 0x76, 0xF5, 0x55, 0x23, 0x24, 0x3A, 0xCB, 0x8D, 0x98, 0xD8,
    0x5B, 0x74, 0x55, 0x54, 0x54, 0x45, 0x44, 0x53, 0x34, 0x44, 0x54, 0x45,
    0x44, 0x5A, 0x45, 0xF3, 0x3C, 0x34, 0x45, 0x64, 0x45, 0x44, 0x55, 0x55,
    0x77, 0x71, 0x11, 0x11, 0x11, 0x11, 0x11, 0x12, 0x12, 0x62, 0x43, 0x13,
    0x62, 0x43, 0x13, 0x11, 0x11, 0x11, 0x12, 0x36, 0x8C, 0x79, 0xC5, 0x8C,
    0x58, 0xD2, 0x6A, 0x22, 0x23, 0x22, 0x35, 0x76, 0xAE, 0x8B, 0xF8, 0xBF,
    0x49, 0xEC, 0x8B, 0xEA, 0xAA, 0x54, 0x94, 0x39, 0x22, 0x92, 0x2D, 0x34,
    0xE3, 0x3F, 0x65, 0xF8, 0x6F, 0x86, 0xE6, 0x7E, 0xAD, 0xFB, 0xFF, 0xBF,
    0xE9, 0xD8, 0x46, 0x62, 0x46, 0x24, 0x72, 0x47, 0x24, 0x72, 0x45, 0x23,
    0x22, 0x24, 0x65, 0x89, 0x97, 0xA7, 0x7B, 0x76, 0xA6, 0x59, 0x66, 0xA7,
    0x7B, 0x77, 0xB7, 0x7B, 0x85, 0x96, 0x65, 0x4B, 0x87, 0xB9, 0x9A, 0x65,
    0x62, 0x27, 0x22, 0xB4, 0x3F, 0xE6, 0xE9, 0x6E, 0x45, 0xF5, 0x6F, 0x55,
    0xF4, 0x5F, 0x44, 0xF4, 0x4F, 0x45, 0x94, 0x64, 0x45, 0x44, 0x44, 0x34,
    0xB7, 0xAD, 0xAD, 0xD7, 0xCD, 0x7C, 0xB4, 0x84, 0x45, 0x7A, 0xCD, 0xEF,
    0x8B, 0xF7, 0xBF, 0x8B, 0xF8, 0xBF, 0x8C, 0xF9, 0xCF, 0x9C, 0xF9, 0xCF,
    0x7C, 0xF4, 0x8C, 0x44, 0x58, 0x44, 0xEC, 0xCE, 0xBB, 0xF7, 0x6F, 0x76,
    0xF6, 0x5F, 0x55, 0xF5, 0x5F, 0x76, 0xF7, 0x6F, 0x76, 0xF6, 0x5A, 0x23,
    0x47, 0x5A, 0xDC, 0x8D, 0x88, 0xD8, 0x5B, 0x74, 0x55, 0x55, 0x64, 0x45,
    0x44, 0x54, 0x45, 0x44, 0x54, 0x45, 0x64, 0x5E, 0x44, 0xF3, 0x3A, 0x34,
    0x44, 0x54, 0x45, 0x44, 0x55, 0x56, 0x77, 0x71, 0x11, 0x11, 0x11, 0x11,
    0x11, 0x11, 0x11, 0x62, 0x46, 0x24, 0x52, 0x44, 0x13, 0x11, 0x11, 0x11,
    0x11, 0x35, 0x8C, 0x79, 0xD5, 0x8B, 0x59, 0xD2, 0x6A, 0x22, 0x33, 0x33,
    0x35, 0x79, 0xCE, 0x9B, 0xF7, 0xBE, 0x48, 0xDB, 0x9B, 0xFA, 0x9E, 0x76,
    0x94, 0x39, 0x22, 0x21, 0x22, 0x22, 0xB3, 0x3F, 0x65, 0xF7, 0x6F, 0x76,
    0xE5, 0x6D, 0x9B, 0xF9, 0xEF, 0xAF, 0xFA, 0xFE, 0x6B, 0x64, 0x53, 0x12,
    0x32, 0x33, 0x12, 0x31, 0x22, 0x22, 0x22, 0x25, 0x65, 0x78, 0x75, 0x85,
    0x6A, 0x64, 0x85, 0x48, 0x54, 0x85, 0x59, 0x66, 0xA7, 0x6A, 0x74, 0x95,
    0x99, 0x6C, 0xCC, 0xDC, 0x98, 0x75, 0x00, 0x00, 0x00, 0xA4, 0x2F, 0xE6,
    0xE7, 0x5E, 0x55, 0xD5, 0x6D, 0x55, 0xE4, 0x4E, 0x34, 0xF4, 0x5F, 0x35,
    0xC4, 0x54, 0x45, 0x44, 0x44, 0x34, 0xB7, 0xAD, 0x9C, 0xD7, 0xCD, 0x7C,
    0xB4, 0x86, 0x7A, 0xCD, 0xF9, 0xBE, 0x8B, 0xF7, 0xBF, 0x5A, 0xF4, 0xAF,
    0x4A, 0xF6, 0xAF, 0x8C, 0xF8, 0xCF, 0x8C, 0xF5, 0xAF, 0x45, 0x8C, 0x77,
    0xFD, 0xEF, 0x76, 0xF7, 0x6F, 0x65, 0xF4, 0x4F, 0x33, 0xF3, 0x3F, 0x43,
    0xF7, 0x5F, 0x65, 0xF6, 0x5D, 0x33, 0x78, 0x7A, 0xDC, 0x8D, 0x87, 0xD8,
    0x5A, 0x74, 0x45, 0x55, 0x64, 0x45, 0x44, 0x54, 0x45, 0x44, 0x54, 0x45,
    0xA4, 0x5F, 0x34, 0xF2, 0x39, 0x44, 0x44, 0x54, 0x45, 0x44, 0x54, 0x45,
    0x77, 0x71, 0x11, 0x11, 0x11, 0x11, 0x11, 0x11, 0x11, 0x41, 0x34, 0x23,
    0x31, 0x34, 0x13, 0x11, 0x11, 0x11, 0x12, 0x35, 0x7B, 0x79, 0xD5, 0x8C,
    0x58, 0xC4, 0x8C, 0x35, 0x74, 0x56, 0x79, 0xBC, 0xDF, 0x8A, 0xE6, 0x9D,
    0x37, 0xCB, 0x9B, 0xE8, 0x7F, 0x76, 0xD6, 0x59, 0x22, 0x42, 0x21, 0x11,
    0x72, 0x3E, 0xAA, 0xF7, 0x6F, 0x76, 0xD5, 0x6C, 0x8B, 0xD8, 0xDE, 0x8D,
    0xF9, 0xEF, 0x9D, 0xC8, 0xC9, 0x78, 0x54, 0x55, 0x45, 0x53, 0x43, 0x22,
    0x22, 0x23, 0x54, 0x68, 0x65, 0x75, 0x69, 0x65, 0x95, 0x36, 0x43, 0x54,
    0x48, 0x44, 0x85, 0x48, 0x55, 0x84, 0xCB, 0x8C, 0xCB, 0xEB, 0x75, 0x43,
    0x00, 0x03, 0x00, 0xB2, 0x2E, 0x53, 0xF4, 0x4F, 0x55, 0xF6, 0x6F, 0x56,
    0xE4, 0x4D, 0x44, 0xC4, 0x5C, 0x45, 0xE3, 0x59, 0x44, 0x44, 0x44, 0x34,
    0xB7, 0x9D, 0x9D, 0xD7, 0xCD, 0x7C, 0xA4, 0x99, 0xBD, 0xBD, 0xF7, 0xBF,
    0x8B, 0xF5, 0x9F, 0x49, 0xF4, 0x8C, 0x47, 0xC3, 0x9F, 0x6A, 0xF8, 0xBF,
    0x8B, 0xF7, 0xBF, 0x77, 0xBE, 0xAB, 0xFA, 0xAF, 0x76, 0xF7, 0x6F, 0x44,
    0xC4, 0x56, 0x45, 0x74, 0x4D, 0x33, 0xF5, 0x4F, 0x65, 0xF6, 0x5E, 0x54,
    0x9A, 0x8A, 0xDB, 0x8D, 0x97, 0xD8, 0x49, 0x64, 0x44, 0x55, 0x54, 0x45,
    0x44, 0x44, 0x45, 0x44, 0x56, 0x45, 0xE4, 0x4F, 0x33, 0xF2, 0x38, 0x44,
    0x44, 0x53, 0x34, 0x44, 0x43, 0x34, 0x77, 0x71, 0x11, 0x11, 0x11, 0x11,
    0x11, 0x11, 0x11, 0x21, 0x22, 0x12, 0x11, 0x11, 0x11, 0x11, 0x11, 0x11,
    0x11, 0x34, 0x7A, 0x68, 0xC5, 0x8C, 0x58, 0xB6, 0x9D, 0x7A, 0xE8, 0xBE,
    0xAC, 0xE8, 0xBE, 0x7A, 0xE4, 0x8D, 0x46, 0xBC, 0x9A, 0xE7, 0x6E, 0x65,
    0xE6, 0x5A, 0x54, 0x93, 0x38, 0x43, 0x96, 0x7B, 0x99, 0xF7, 0x6F, 0x76,
    0xD4, 0x5C, 0x8A, 0xD8, 0xCD, 0x7C, 0xE7, 0xDE, 0x8E, 0xF9, 0xFF, 0xBF,
    0xD9, 0xD8, 0x58, 0x74, 0x65, 0x24, 0x22, 0x22, 0x32, 0x46, 0x45, 0x75,
    0x58, 0x56, 0x96, 0x69, 0x64, 0x65, 0x35, 0x43, 0x64, 0x36, 0x46, 0x63,
    0xCA, 0x9C, 0xA8, 0xDB, 0x68, 0x64, 0x41, 0x18, 0x12, 0x92, 0x2B, 0x23,
    0xB3, 0x3A, 0x44, 0xC5, 0x5F, 0x55, 0xF4, 0x5F, 0x45, 0xF4, 0x6C, 0x69,
    0xA5, 0x88, 0x45, 0x64, 0x57, 0x57, 0xDB, 0xDD, 0x9D, 0xD7, 0xCD, 0x7B,
    0x86, 0xAA, 0xCF, 0x9C, 0xF8, 0xCF, 0x7B, 0xF4, 0x9F, 0x46, 0x84, 0x44,
    0x43, 0x43, 0x69, 0x5A, 0xF8, 0xCF, 0x8C, 0xF8, 0xCF, 0xA7, 0x9F, 0xBC,
    0xF8, 0x7F, 0x86, 0xF5, 0x5E, 0x44, 0x54, 0x54, 0x56, 0x34, 0x47, 0x33,
    0xE5, 0x4F, 0x65, 0xF7, 0x6E, 0x65, 0x9B, 0x9A, 0xEB, 0x8D, 0x97, 0xC8,
    0x48, 0x64, 0x45, 0x55, 0x54, 0x34, 0x44, 0x55, 0x56, 0x44, 0x56, 0x45,
    0xE4, 0x4F, 0x33, 0xF3, 0x37, 0x45, 0x44, 0x54, 0x45, 0x55, 0x54, 0x45,
    0x77, 0x71, 0x11, 0x11, 0x11, 0x11, 0x11, 0x11, 0x11, 0x11, 0x11, 0x11,
    0x11, 0x11, 0x11, 0x11, 0x11, 0x11, 0x11, 0x34, 0x7A, 0x68, 0xB5, 0x8B,
    0x57, 0xB6, 0x9D, 0x8B, 0xF8, 0xBF, 0x8C, 0xF8, 0xBF, 0x6A, 0xF4, 0x9F,
    0x97, 0x9F, 0xBB, 0xF8, 0x7F, 0x76, 0xF7, 0x6E, 0x75, 0xA4, 0x3A, 0x43,
    0xA5, 0x4A, 0x43, 0xC5, 0x4E, 0x54, 0xE3, 0x4C, 0x7A, 0xD8, 0xCD, 0x7C,
    0xD7, 0xCD, 0x7C, 0xE8, 0xDE, 0x8D, 0xF9, 0xFE, 0x9E, 0x95, 0x85, 0x24,
    0x22, 0x21, 0x22, 0x24, 0x24, 0x74, 0x57, 0x55, 0x85, 0x69, 0x66, 0x96,
    0x58, 0x63, 0x64, 0x22, 0x26, 0x42, 0xA9, 0x8A, 0x85, 0xA8, 0x5A, 0x74,
    0x62, 0x25, 0x11, 0x41, 0x13, 0x11, 0x31, 0x12, 0x11, 0x11, 0x15, 0x22,
    0x93, 0x3A, 0x33, 0xE4, 0x6D, 0x7B, 0xD7, 0xCD, 0x7B, 0xD9, 0xCD, 0xAD,
    0xDA, 0xDD, 0x7C, 0xD7, 0xCD, 0x7C, 0x77, 0xBA, 0xDF, 0x8B, 0xF8, 0xBF,
    0x6A, 0xF3, 0x8C, 0x44, 0x44, 0x44, 0x43, 0x43, 0x45, 0x59, 0xD8, 0xBF,
    0x8B, 0xF8, 0xBF, 0xC6, 0x8E, 0xAB, 0xF7, 0x6F, 0x76, 0xF5, 0x5B, 0x44,
    0x55, 0x64, 0x44, 0x33, 0x46, 0x34, 0xE7, 0x8F, 0x76, 0xF7, 0x6D, 0x65,
    0x9C, 0xA9, 0xEA, 0x8D, 0x96, 0xC7, 0x46, 0x54, 0x45, 0x55, 0x53, 0x34,
    0x44, 0x55, 0x56, 0x55, 0x54, 0x45, 0xB3, 0x4E, 0x33, 0xA4, 0x45, 0x45,
    0x44, 0x54, 0x45, 0x55, 0x64, 0x45, 0x88, 0x81, 0x11, 0x11, 0x11, 0x11,
    0x11, 0x11, 0x11, 0x11, 0x21, 0x11, 0x11, 0x11, 0x11, 0x11, 0x11, 0x11,
    0x11, 0x24, 0x7B, 0x68, 0xC5, 0x7B, 0x58, 0xB3, 0x6B, 0x38, 0xD4, 0x9E,
    0x49, 0xE4, 0x9F, 0x49, 0xF4, 0x8B, 0xB5, 0x5F, 0xBB, 0xF8, 0x6F, 0x86,
    0xF7, 0x6F, 0x65, 0xD6, 0x59, 0x43, 0xA4, 0x3A, 0x43, 0xA3, 0x2B, 0x21,
    0xB3, 0x4B, 0x69, 0xC8, 0xCC, 0x7B, 0xC7, 0xBB, 0x59, 0xA4, 0x7A, 0x47,
    0xB4, 0x8D, 0x49, 0xD4, 0x98, 0x36, 0x21, 0x21, 0x11, 0x12, 0x12, 0x53,
    0x36, 0x35, 0x85, 0x69, 0x66, 0x85, 0x68, 0x55, 0x86, 0x36, 0x46, 0x52,
    0xA8, 0x69, 0x84, 0xA8, 0x47, 0x53, 0x11, 0x03, 0x21, 0x32, 0x13, 0x21,
    0x53, 0x25, 0x42, 0x42, 0x22, 0x21, 0x54, 0x34, 0x32, 0x83, 0x5D, 0x7B,
    0xD7, 0xCD, 0x8C, 0xD7, 0xCD, 0x7C, 0xD7, 0xCD, 0x7C, 0xD7, 0xCD, 0x7C,
    0x77, 0xCA, 0xCF, 0x7B, 0xF8, 0xBF, 0x59, 0xF3, 0x6A, 0x43, 0x44, 0x34,
    0x33, 0x43, 0x34, 0x69, 0xD9, 0xCF, 0x7A, 0xF7, 0xBF, 0xB5, 0x7E, 0x99,
    0xF7, 0x6F, 0x76, 0xF5, 0x5A, 0x44, 0x44, 0x54, 0x44, 0x34, 0x48, 0x44,
    0xFA, 0xBF, 0x87, 0xF8, 0x7C, 0x65, 0xAD, 0xB9, 0xDA, 0x8D, 0x95, 0xB7,
    0x45, 0x54, 0x34, 0x44, 0x53, 0x34, 0x44, 0x55, 0x56, 0x55, 0x64, 0x45,
    0x53, 0x46, 0x44, 0x44, 0x54, 0x45, 0x44, 0x54, 0x45, 0x55, 0x54, 0x33,
    0xAA, 0xA1, 0x12, 0x11, 0x21, 0x11, 0x11, 0x11, 0x11, 0x11, 0x11, 0x12,
    0x11, 0x21, 0x11, 0x11, 0x11, 0x11, 0x11, 0x24, 0x7A, 0x68, 0xB5, 0x7B,
    0x57, 0xB2, 0x6A, 0x26, 0xA3, 0x7C, 0x38, 0xD4, 0x7C, 0x46, 0x84, 0x45,
    0xB5, 0x5E, 0xAB, 0xF7, 0x5F, 0x76, 0xE5, 0x4F, 0x33, 0xF4, 0x3C, 0x54,
    0x94, 0x3A, 0x43, 0xA2, 0x28, 0x11, 0x32, 0x2A, 0x68, 0xD9, 0xCC, 0x7B,
    0xC7, 0xBA, 0x47, 0x83, 0x56, 0x35, 0x62, 0x46, 0x24, 0x62, 0x44, 0x33,
    0x12, 0x24, 0x55, 0x57, 0x62, 0x32, 0x24, 0x23, 0x73, 0x48, 0x55, 0x96,
    0x69, 0x66, 0x96, 0x59, 0x67, 0x83, 0xC9, 0x6C, 0xA6, 0xA8, 0x54, 0x21,
    0x21, 0x14, 0x21, 0x32, 0x12, 0x11, 0x32, 0x15, 0x32, 0x42, 0x12, 0x11,
    0x53, 0x28, 0x54, 0x53, 0x2B, 0x67, 0xC6, 0xAC, 0x6A, 0xC6, 0xAC, 0x6A,
    0xD7, 0xBD, 0x7C, 0xD7, 0xCE, 0x7C, 0x77, 0xC8, 0xBE, 0x7A, 0xE7, 0xAE,
    0x69, 0xE3, 0x6A, 0x33, 0x33, 0x34, 0x33, 0x43, 0x45, 0x8B, 0xEA, 0xCF,
    0x7B, 0xF7, 0xBF, 0xB5, 0x7F, 0x87, 0xF7, 0x6F, 0x76, 0xF6, 0x5B, 0x44,
    0x34, 0x43, 0x34, 0x33, 0x4A, 0x56, 0xEC, 0xCF, 0x76, 0xF6, 0x5A, 0x64,
    0x9C, 0xB7, 0xC8, 0x7C, 0x75, 0xA6, 0x35, 0x44, 0x34, 0x33, 0x44, 0x44,
    0x44, 0x55, 0x56, 0x55, 0x64, 0x45, 0x44, 0x54, 0x45, 0x44, 0x54, 0x45,
    0x44, 0x55, 0x45, 0x54, 0x54, 0x45, 0x77, 0x71, 0x11, 0x11, 0x11, 0x11,
    0x11, 0x11, 0x11, 0x11, 0x11, 0x11, 0x11, 0x11, 0x11, 0x11, 0x11, 0x11,
    0x11, 0x23, 0x69, 0x68, 0xB5, 0x7B, 0x47, 0xB2, 0x59, 0x12, 0x23, 0x33,
    0x44, 0x53, 0x34, 0x43, 0x44, 0x44, 0xD5, 0x5F, 0xAA, 0xF7, 0x6F, 0x76,
    0xF4, 0x4B, 0x33, 0xA3, 0x3F, 0x54, 0xB5, 0x49, 0x43, 0xA3, 0x25, 0x11,
    0x11, 0x17, 0x35, 0xC8, 0xBD, 0x7C, 0xD7, 0xCD, 0x6A, 0x84, 0x66, 0x45,
    0x54, 0x56, 0x45, 0x76, 0x77, 0x56, 0x33, 0x38, 0x99, 0x78, 0x74, 0x64,
    0x23, 0x22, 0x32, 0x36, 0x44, 0x85, 0x6A, 0x66, 0x96, 0x59, 0x65, 0x73,
    0xB8, 0x4A, 0x95, 0xA8, 0x54, 0x21, 0x32, 0x14, 0x21, 0x32, 0x12, 0x11,
    0x42, 0x1B, 0x86, 0x64, 0x35, 0x43, 0xA7, 0x5A, 0x75, 0x52, 0x16, 0x22,
    0x93, 0x6A, 0x36, 0xA3, 0x6A, 0x36, 0xA4, 0x8C, 0x6B, 0xC7, 0xBC, 0x6B,
    0x76, 0xB6, 0xAE, 0x8B, 0xF8, 0xBF, 0x8B, 0xF5, 0x9E, 0x44, 0x64, 0x34,
    0x33, 0x44, 0x79, 0xCE, 0xF9, 0xCF, 0x8B, 0xF6, 0xAF, 0x96, 0x9F, 0x55,
    0xF8, 0x6F, 0x76, 0xF7, 0x5E, 0x54, 0x73, 0x44, 0x34, 0x85, 0x6D, 0xBC,
    0xE9, 0x8F, 0x65, 0xF5, 0x49, 0x75, 0x9D, 0xB7, 0xC8, 0x7C, 0x88, 0xD8,
    0x6B, 0x86, 0xA8, 0x8B, 0x95, 0x87, 0x44, 0x54, 0x45, 0x55, 0x54, 0x45,
    0x44, 0x54, 0x45, 0x44, 0x54, 0x45, 0x44, 0x54, 0x45, 0x44, 0x54, 0x45,
    0x88, 0x81, 0x11, 0x11, 0x11, 0x11, 0x11, 0x11, 0x11, 0x11, 0x11, 0x11,
    0x11, 0x11, 0x11, 0x11, 0x11, 0x11, 0x11, 0x12, 0x47, 0x36, 0xA3, 0x6A,
    0x36, 0xB2, 0x59, 0x11, 0x22, 0x22, 0x33, 0x43, 0x34, 0x33, 0x44, 0x44,
    0xC4, 0x4F, 0x66, 0xF7, 0x6F, 0x65, 0xF4, 0x49, 0x44, 0x64, 0x4F, 0x44,
    0xE6, 0x5A, 0x43, 0xA3, 0x27, 0x11, 0x11, 0x15, 0x23, 0x96, 0x8B, 0x6A,
    0xD7, 0xCD, 0x7C, 0xE7, 0xCD, 0x8C, 0xC9, 0xCB, 0x8A, 0xA8, 0xAC, 0x8B,
    0x84, 0x66, 0x76, 0x58, 0x54, 0x75, 0x47, 0x53, 0x54, 0x35, 0x45, 0x96,
    0x6A, 0x66, 0x96, 0x58, 0x53, 0x63, 0x97, 0x2B, 0x84, 0xB9, 0x56, 0x43,
    0x21, 0x05, 0x32, 0x96, 0x5A, 0x65, 0x96, 0x4E, 0xA7, 0xD9, 0x6D, 0x97,
    0xE9, 0x7B, 0x75, 0x63, 0x2A, 0x57, 0xB4, 0x76, 0x35, 0x53, 0x46, 0x35,
    0xA4, 0x7C, 0x7B, 0xC7, 0xBC, 0x7B, 0x95, 0xA4, 0x8C, 0x7A, 0xE7, 0xAE,
    0x7A, 0xE7, 0xAE, 0x58, 0xD4, 0x69, 0x68, 0xAB, 0xDE, 0xBC, 0xE7, 0xAE,
    0x7B, 0xE4, 0x9E, 0x67, 0xBE, 0x33, 0xF6, 0x5F, 0x76, 0xF7, 0x5F, 0x75,
    0xF6, 0x5E, 0x76, 0xEB, 0xBF, 0xA9, 0xF7, 0x6F, 0x76, 0xF3, 0x39, 0x85,
    0x9D, 0xB8, 0xD8, 0x8D, 0x98, 0xD8, 0x8D, 0x87, 0xD8, 0x9E, 0x97, 0xC8,
    0x47, 0x64, 0x45, 0x44, 0x54, 0x45, 0x44, 0x54, 0x45, 0x44, 0x54, 0x45,
    0x44, 0x54, 0x45, 0x44, 0x54, 0x45, 0x88, 0x81, 0x12, 0x11, 0x11, 0x11,
    0x11, 0x11, 0x11, 0x11, 0x11, 0x11, 0x11, 0x11, 0x11, 0x11, 0x11, 0x11,
    0x11, 0x11, 0x23, 0x25, 0x82, 0x5A, 0x26, 0xA2, 0x35, 0x11, 0x11, 0x12,
    0x32, 0x33, 0x34, 0x33, 0x43, 0x44, 0x84, 0x4F, 0x33, 0xF3, 0x4F, 0x33,
    0xE4, 0x45, 0x45, 0x55, 0x5E, 0x44, 0xF5, 0x5E, 0x65, 0xA2, 0x27, 0x11,
    0x11, 0x14, 0x12, 0x83, 0x59, 0x47, 0xB6, 0xAC, 0x7B, 0xD7, 0xCE, 0x7D,
    0xE7, 0xDC, 0x7B, 0xB6, 0xAA, 0x58, 0x83, 0x54, 0x43, 0x36, 0x34, 0x74,
    0x57, 0x58, 0xA9, 0xBB, 0xAA, 0xA8, 0x99, 0x67, 0x96, 0x58, 0x52, 0x63,
    0x54, 0x2A, 0x72, 0x97, 0x48, 0x64, 0x53, 0x25, 0x32, 0x85, 0x39, 0x65,
    0x64, 0x37, 0x43, 0x96, 0x4A, 0x64, 0xB7, 0x4B, 0x76, 0xC7, 0x8C, 0x6A,
    0xA4, 0x74, 0x44, 0x34, 0x44, 0x34, 0xA5, 0x8D, 0x8C, 0xC7, 0xBC, 0x7B,
    0xB4, 0x84, 0x7C, 0x48, 0xD7, 0xAE, 0x7A, 0xE7, 0xAE, 0x7B, 0xF7, 0xBF,
    0x9B, 0xF9, 0xBE, 0x7A, 0xE7, 0xBE, 0x59, 0xE3, 0x8E, 0x35, 0x7B, 0x33,
    0xF4, 0x4F, 0x65, 0xF7, 0x6F, 0x76, 0xF7, 0x6F, 0x76, 0xF7, 0x6F, 0x76,
    0xF6, 0x5F, 0x44, 0xD3, 0x45, 0x75, 0x6B, 0x87, 0xC8, 0x7C, 0x88, 0xD9,
    0x8D, 0x97, 0xD8, 0x8D, 0x86, 0xC7, 0x47, 0x64, 0x45, 0x44, 0x54, 0x45,
    0x44, 0x54, 0x45, 0x44, 0x54, 0x45, 0x44, 0x54, 0x45, 0x44, 0x53, 0x44,
    0x89, 0x81, 0x12, 0x11, 0x11, 0x11, 0x11, 0x11, 0x11, 0x11, 0x11, 0x11,
    0x11, 0x11, 0x11, 0x11, 0x11, 0x11, 0x11, 0x11, 0x11, 0x11, 0x21, 0x23,
    0x22, 0x31, 0x11, 0x11, 0x21, 0x12, 0x22, 0x33, 0x33, 0x33, 0x44, 0x34,
    0x44, 0x47, 0x44, 0xA4, 0x4A, 0x44, 0x54, 0x44, 0x45, 0x44, 0x59, 0x44,
    0xF3, 0x3F, 0x44, 0xF3, 0x36, 0x22, 0x11, 0x12, 0x11, 0x51, 0x37, 0x25,
    0x83, 0x69, 0x47, 0xB5, 0x9C, 0x59, 0xC5, 0x9C, 0x59, 0xC4, 0x9B, 0x48,
    0x93, 0x62, 0x32, 0x25, 0x22, 0x63, 0x47, 0x48, 0x99, 0xB8, 0x7D, 0x86,
    0xC8, 0x6A, 0x75, 0x56, 0x42, 0x53, 0x11, 0x25, 0x42, 0x86, 0x28, 0x62,
    0x86, 0x36, 0x43, 0x64, 0x25, 0x32, 0x42, 0x14, 0x22, 0x74, 0x36, 0x42,
    0x75, 0x3A, 0x67, 0xC7, 0xAC, 0x6A, 0xA4, 0x75, 0x45, 0x44, 0x44, 0x44,
    0xA5, 0x7D, 0x8C, 0xD7, 0xCD, 0x7B, 0xB4, 0x75, 0x58, 0x38, 0xD5, 0x9E,
    0x7A, 0xF8, 0xBF, 0x8B, 0xF8, 0xBF, 0x8B, 0xF8, 0xBF, 0x7A, 0xF5, 0x9E,
    0x38, 0xE3, 0x69, 0x33, 0x35, 0x34, 0xD3, 0x3F, 0x33, 0xE5, 0x4F, 0x65,
    0xF7, 0x6F, 0x75, 0xF6, 0x5F, 0x54, 0xF3, 0x3D, 0x33, 0x53, 0x43, 0x54,
    0x4A, 0x65, 0xB6, 0x5B, 0x65, 0xB6, 0x5B, 0x65, 0xB6, 0x5B, 0x65, 0xB6,
    0x45, 0x54, 0x45, 0x44, 0x54, 0x45, 0x44, 0x54, 0x45, 0x44, 0x54, 0x45,
    0x44, 0x54, 0x44, 0x44, 0x44, 0x45, 0x99, 0x82, 0x22, 0x11, 0x11, 0x11,
    0x11, 0x11, 0x11, 0x11, 0x12, 0x22, 0x22, 0x21, 0x11, 0x11, 0x11, 0x11,
    0x11, 0x11, 0x11, 0x11, 0x11, 0x11, 0x22, 0x21, 0x12, 0x11, 0x21, 0x12,
    0x22, 0x22, 0x23, 0x33, 0x33, 0x34, 0x44, 0x44, 0x45, 0x34, 0x54, 0x45,
    0x44, 0x54, 0x45, 0x44, 0x54, 0x44, 0x84, 0x4B, 0x45, 0x84, 0x44, 0x44,
    0x33, 0x31, 0x11, 0x21, 0x14, 0x13, 0x61, 0x36, 0x13, 0x72, 0x59, 0x36,
    0xA3, 0x7A, 0x37, 0xA3, 0x79, 0x47, 0x63, 0x51, 0x11, 0x11, 0x11, 0x32,
    0x36, 0x38, 0x89, 0xA7, 0x6C, 0x86, 0xD8, 0x6C, 0x87, 0xA6, 0x46, 0x54,
    0x11, 0x11, 0x11, 0x53, 0x18, 0x51, 0x76, 0x27, 0x51, 0x64, 0x35, 0x32,
    0x42, 0x24, 0x22, 0x74, 0x46, 0x32, 0x86, 0x5B, 0xAB, 0xC9, 0xBB, 0x48,
    0xA4, 0x74, 0x34, 0x33, 0x43, 0x34, 0x83, 0x6B, 0x49, 0xC5, 0xAB, 0x49,
    0xA3, 0x75, 0x35, 0x36, 0x83, 0x8D, 0x38, 0xE5, 0x9E, 0x6A, 0xE6, 0xAE,
    0x69, 0xE5, 0x9E, 0x38, 0xE3, 0x8E, 0x36, 0xA3, 0x34, 0x33, 0x43, 0x34,
    0x53, 0x4C, 0x23, 0xF3, 0x3F, 0x33, 0xF4, 0x3F, 0x44, 0xF3, 0x3F, 0x33,
    0xC3, 0x45, 0x44, 0x34, 0x44, 0x44, 0x45, 0x54, 0x85, 0x59, 0x64, 0x96,
    0x49, 0x64, 0x95, 0x49, 0x64, 0x75, 0x44, 0x54, 0x45, 0x44, 0x54, 0x45,
    0x44, 0x54, 0x45, 0x44, 0x54, 0x45, 0x44, 0x53, 0x34, 0x33, 0x45, 0x66,
    0xAA, 0x92, 0x23, 0x11, 0x11, 0x11, 0x11, 0x12, 0x22, 0x44, 0x44, 0x44,
    0x44, 0x43, 0x33, 0x11, 0x11, 0x11, 0x11, 0x11, 0x11, 0x11, 0x21, 0x12,
    0x22, 0x22, 0x12, 0x11, 0x21, 0x12, 0x22, 0x22, 0x22, 0x22, 0x33, 0x33,
    0x33, 0x43, 0x34, 0x44, 0x44, 0x45, 0x44, 0x54, 0x45, 0x44, 0x54, 0x45,
    0x44, 0x54, 0x45, 0x55, 0x64, 0x45, 0x44, 0x43, 0x34, 0x22, 0x21, 0x11,
    0x11, 0x12, 0x11, 0x21, 0x13, 0x22, 0x33, 0x33, 0x34, 0x33, 0x43, 0x34,
    0x33, 0x42, 0x23, 0x11, 0x11, 0x11, 0x55, 0x59, 0x9A, 0xA8, 0x8A, 0x66,
    0xA7, 0x5A, 0x75, 0x74, 0x3A, 0x76, 0x44, 0x45, 0x55, 0x65, 0x27, 0x64,
    0x76, 0x26, 0x53, 0x43, 0x24, 0x21, 0x53, 0x27, 0x54, 0xA7, 0x57, 0x54,
    0x76, 0x58, 0x77, 0xEE, 0xDC, 0x97, 0x74, 0x44, 0x34, 0x43, 0x43, 0x34,
    0x53, 0x4A, 0x37, 0xB3, 0x8A, 0x37, 0x73, 0x53, 0x34, 0x33, 0x33, 0x46,
    0x36, 0xB3, 0x8D, 0x38, 0xE3, 0x8E, 0x38, 0xE3, 0x8D, 0x37, 0xB3, 0x57,
    0x33, 0x43, 0x34, 0x33, 0x43, 0x34, 0x34, 0x44, 0x34, 0x73, 0x3A, 0x33,
    0xC3, 0x3B, 0x33, 0x93, 0x47, 0x34, 0x44, 0x44, 0x44, 0x44, 0x44, 0x44,
    0x44, 0x44, 0x45, 0x44, 0x54, 0x44, 0x44, 0x43, 0x34, 0x44, 0x44, 0x45,
    0x44, 0x54, 0x45, 0x44, 0x54, 0x45, 0x44, 0x54, 0x45, 0x44, 0x54, 0x45,
    0x44, 0x54, 0x44, 0x44, 0x54, 0x44, 0xDD, 0xD4, 0x44, 0x11, 0x11, 0x11,
    0x33, 0x34, 0x33, 0x11, 0x21, 0x11, 0x11, 0x15, 0x43, 0x44, 0x32, 0x22,
    0x11, 0x11, 0x12, 0x21, 0x21, 0x12, 0x22, 0x22, 0x22, 0x11, 0x21, 0x12,
    0x22, 0x22, 0x12, 0x32, 0x24, 0x34, 0x64, 0x56, 0x56, 0x64, 0x54, 0x45,
    0x44, 0x54, 0x45, 0x44, 0x54, 0x45, 0x54, 0x45, 0x44, 0x54, 0x45, 0x45,
    0x54, 0x54, 0x45, 0x34, 0x43, 0x33, 0x21, 0x21, 0x11, 0x11, 0x11, 0x11,
    0x22, 0x23, 0x33, 0x33, 0x33, 0x34, 0x43, 0x44, 0x34, 0x11, 0x23, 0x33,
    0xAA, 0xAA, 0xAA, 0xAA, 0xAA, 0x98, 0x75, 0x48, 0x54, 0x86, 0x5A, 0x77,
    0x88, 0x87, 0x75, 0x86, 0x26, 0x52, 0x54, 0x36, 0x66, 0x66, 0x62, 0x11,
    0x32, 0x16, 0x43, 0x63, 0x25, 0x32, 0x53, 0x29, 0x87, 0xFF, 0xFC, 0xCA,
    0x66, 0x54, 0x44, 0x44, 0x44, 0x34, 0x43, 0x44, 0x34, 0x53, 0x54, 0x34,
    0x33, 0x33, 0x34, 0x33, 0x44, 0x34, 0x44, 0x44, 0x56, 0x45, 0x73, 0x57,
    0x35, 0x74, 0x56, 0x44, 0x54, 0x44, 0x33, 0x43, 0x34, 0x33, 0x43, 0x34,
    0x43, 0x43, 0x34, 0x33, 0x43, 0x34, 0x33, 0x43, 0x34, 0x34, 0x43, 0x44,
    0x44, 0x44, 0x44, 0x44, 0x44, 0x44, 0x44, 0x44, 0x45, 0x44, 0x54, 0x44,
    0x44, 0x43, 0x34, 0x44, 0x46, 0x46, 0xA4, 0x7B, 0x96, 0xAA, 0xA4, 0x45,
    0x66, 0x67, 0x67, 0x54, 0x54, 0x45, 0x44, 0x54, 0x45, 0x54, 0x53, 0x34,
    0x99, 0x83, 0x33, 0x11, 0x11, 0x11, 0x43, 0x31, 0x11, 0x11, 0x11, 0x11,
    0x43, 0x28, 0x62, 0x98, 0x38, 0x74, 0x44, 0x41, 0x11, 0x11, 0x21, 0x11,
    0x22, 0x22, 0x22, 0x11, 0x21, 0x12, 0x22, 0x27, 0x57, 0xA9, 0xBB, 0x9B,
    0xC9, 0xCD, 0x9C, 0xD8, 0xBB, 0x69, 0x64, 0x64, 0x45, 0x44, 0x57, 0x44,
    0xD9, 0xAE, 0xBC, 0xD8, 0x8C, 0x78, 0xB7, 0x7A, 0x66, 0x85, 0x65, 0x45,
    0x44, 0x43, 0x23, 0x21, 0x21, 0x11, 0x11, 0x11, 0x12, 0x22, 0x23, 0x33,
    0x34, 0x44, 0x34, 0x32, 0x36, 0x66, 0x99, 0xAA, 0xAA, 0xAA, 0xAB, 0xBC,
    0x86, 0x67, 0x55, 0xAA, 0xA9, 0x89, 0x77, 0x77, 0x75, 0x77, 0x47, 0x61,
    0x55, 0x56, 0x66, 0x87, 0x87, 0x77, 0x32, 0x22, 0x11, 0x43, 0x37, 0x66,
    0x98, 0x8D, 0xDD, 0xFF, 0xCF, 0xF9, 0xFF, 0x8B, 0xA6, 0x43, 0x44, 0x34,
    0x43, 0x43, 0x34, 0x33, 0x43, 0x34, 0x33, 0x44, 0x44, 0x44, 0x54, 0x45,
    0x44, 0x43, 0x34, 0x33, 0x33, 0x33, 0x33, 0x33, 0x34, 0x43, 0x44, 0x45,
    0x44, 0x54, 0x45, 0x43, 0x43, 0x34, 0x44, 0x43, 0x34, 0x33, 0x43, 0x34,
    0x43, 0x44, 0x34, 0x43, 0x44, 0x34, 0x33, 0x44, 0x44, 0x44, 0x54, 0x45,
    0x44, 0x54, 0x45, 0x44, 0x54, 0x45, 0x44, 0x44, 0x34, 0x84, 0x6B, 0x48,
    0xC4, 0x8D, 0xA6, 0xCD, 0xD9, 0x9A, 0xBC, 0xDC, 0xB7, 0xB6, 0x76, 0x46,
    0x44, 0x54, 0x45, 0x44, 0x53, 0x34, 0x99, 0x83, 0x33, 0x11, 0x11, 0x11,
    0x33, 0x26, 0x54, 0x44, 0x34, 0x33, 0x52, 0x17, 0x22, 0x73, 0x28, 0x53,
    0x76, 0x51, 0x11, 0x11, 0x11, 0x11, 0x22, 0x22, 0x22, 0x11, 0x23, 0x12,
    0x98, 0xAA, 0xAC, 0x96, 0x99, 0x59, 0xB6, 0xAC, 0x7B, 0xD7, 0xCE, 0x8D,
    0xC5, 0xA6, 0x45, 0x44, 0x4C, 0x67, 0xED, 0xEF, 0x87, 0xF8, 0x6F, 0x87,
    0xF9, 0x7F, 0x87, 0xF8, 0x7E, 0x66, 0x95, 0x55, 0x55, 0x44, 0x53, 0x33,
    0x22, 0x21, 0x11, 0x34, 0x46, 0x87, 0x78, 0x75, 0x75, 0x45, 0x47, 0x67,
    0x88, 0x98, 0x88, 0x99, 0x9C, 0xCC, 0xDE, 0xEC, 0xCC, 0x99, 0x98, 0x88,
    0x87, 0x88, 0x87, 0x77, 0x47, 0x63, 0x66, 0x65, 0x56, 0x77, 0x88, 0x88,
    0x77, 0x76, 0x68, 0x88, 0x9C, 0xCD, 0xFF, 0xFE, 0xEE, 0xEE, 0x9F, 0xE5,
    0xED, 0x4C, 0xCA, 0x44, 0x44, 0x34, 0x44, 0x44, 0x44, 0x44, 0x54, 0x45,
    0x44, 0x44, 0x34, 0x33, 0x43, 0x34, 0x33, 0x43, 0x34, 0x33, 0x44, 0x34,
    0x33, 0x43, 0x33, 0x33, 0x33, 0x33, 0x33, 0x44, 0x34, 0x44, 0x54, 0x45,
    0x44, 0x43, 0x34, 0x33, 0x43, 0x34, 0x33, 0x44, 0x44, 0x45, 0x55, 0x66,
    0x57, 0x64, 0x55, 0x44, 0x44, 0x45, 0x44, 0x44, 0x45, 0x44, 0x54, 0x45,
    0x44, 0x48, 0x36, 0xB4, 0x8B, 0x48, 0xC4, 0x8D, 0xA6, 0x99, 0x8A, 0x56,
    0xAA, 0x9D, 0xA6, 0xC4, 0x89, 0x47, 0x54, 0x54, 0x45, 0x44, 0x53, 0x34,
    0x88, 0x84, 0x44, 0x11, 0x11, 0x11, 0x76, 0x28, 0x73, 0x73, 0x27, 0x22,
    0x74, 0x58, 0x56, 0x85, 0x68, 0x45, 0x73, 0x33, 0x22, 0x11, 0x11, 0x11,
    0x22, 0x22, 0x22, 0x21, 0x28, 0x68, 0xAA, 0xC9, 0x58, 0x94, 0x89, 0x58,
    0xA5, 0x9C, 0x6B, 0xC7, 0xCD, 0x8D, 0xD6, 0xA8, 0x46, 0x53, 0x4E, 0x88,
    0xFA, 0x9F, 0x65, 0xF7, 0x6F, 0x76, 0xF7, 0x6F, 0x86, 0xF8, 0x6F, 0x86,
    0xF6, 0x59, 0x45, 0x45, 0x55, 0x56, 0x55, 0x55, 0x76, 0xAC, 0xC8, 0xA8,
    0x69, 0x65, 0x85, 0x47, 0x57, 0x78, 0x99, 0x98, 0x89, 0x77, 0x89, 0x9A,
    0xDE, 0xEC, 0xCD, 0x99, 0x98, 0x78, 0x88, 0x88, 0x88, 0x88, 0x78, 0x77,
    0x88, 0x86, 0x67, 0x67, 0x87, 0x89, 0x88, 0x99, 0x9A, 0x9A, 0xAD, 0xDD,
    0xDD, 0xDE, 0xEE, 0xEE, 0x9F, 0xE0, 0xED, 0x7F, 0xFF, 0xBB, 0xC5, 0x45,
    0x54, 0x54, 0x45, 0x44, 0x45, 0x44, 0x96, 0x6A, 0x66, 0x74, 0x43, 0x34,
    0x33, 0x45, 0x34, 0xA8, 0xAB, 0x9B, 0xB8, 0xAB, 0x7A, 0xA7, 0x9A, 0x79,
    0xA7, 0x9A, 0x79, 0xA6, 0x88, 0x46, 0x44, 0x54, 0x55, 0x68, 0x77, 0x99,
    0x8B, 0xA9, 0xCB, 0xAD, 0xBA, 0xDB, 0x9D, 0xA5, 0x96, 0x44, 0x44, 0x44,
    0x44, 0x44, 0x44, 0x44, 0x54, 0x44, 0x64, 0x5B, 0x38, 0x94, 0x7A, 0x47,
    0xC4, 0x8D, 0x86, 0xB9, 0x59, 0x44, 0xCB, 0x5C, 0x67, 0xB4, 0x8A, 0x48,
    0x64, 0x64, 0x44, 0x44, 0x53, 0x34, 0x88, 0x85, 0x55, 0x11, 0x12, 0x21,
    0x86, 0x27, 0x32, 0x73, 0x38, 0x78, 0x77, 0x78, 0x88, 0x89, 0x98, 0x9A,
    0x87, 0x78, 0x55, 0x43, 0x31, 0x11, 0x22, 0x22, 0x22, 0x42, 0x4A, 0xAC,
    0x96, 0x98, 0x48, 0x84, 0x78, 0x25, 0x92, 0x6A, 0x37, 0xB5, 0x9C, 0x6A,
    0xC4, 0x87, 0x46, 0x63, 0x4E, 0x99, 0xF9, 0x8F, 0x65, 0xF7, 0x6F, 0x44,
    0xF4, 0x4F, 0x55, 0xF7, 0x6F, 0x86, 0xF8, 0x6E, 0x44, 0x54, 0x44, 0x45,
    0x44, 0x49, 0xCA, 0xCE, 0xD8, 0xD8, 0x8D, 0x87, 0xC8, 0x7A, 0x89, 0x99,
    0x99, 0x97, 0x88, 0x77, 0x87, 0x78, 0x99, 0xAE, 0xEE, 0xAA, 0xB7, 0x78,
    0x99, 0x79, 0x99, 0x99, 0x77, 0x77, 0x77, 0x87, 0x88, 0x67, 0x86, 0x68,
    0xAA, 0xBA, 0xBB, 0xAA, 0xBD, 0xDD, 0xEE, 0xEF, 0xED, 0xED, 0x5F, 0xD2,
    0xFE, 0x9F, 0xFF, 0xFF, 0xF9, 0x99, 0x33, 0x43, 0x34, 0x63, 0x4C, 0x9A,
    0xEC, 0xCF, 0x98, 0xF6, 0x59, 0x44, 0x33, 0x39, 0x57, 0xDC, 0xED, 0x8C,
    0xD7, 0xCD, 0x7C, 0xD7, 0xCD, 0x7C, 0xD8, 0xCD, 0x8C, 0xD8, 0xCC, 0x59,
    0x65, 0x6A, 0xCC, 0xBD, 0xC9, 0xDA, 0x8D, 0x98, 0xC8, 0x8C, 0x88, 0xC8,
    0x7C, 0x85, 0xA6, 0x44, 0x44, 0x44, 0x44, 0x54, 0x45, 0x44, 0x54, 0x45,
    0xA4, 0x8B, 0x38, 0x83, 0x6B, 0x48, 0xC4, 0x8C, 0x57, 0xDB, 0x5D, 0xB5,
    0xD7, 0x7B, 0x38, 0xB4, 0x8B, 0x48, 0x74, 0x64, 0x44, 0x44, 0x53, 0x44,
    0x99, 0x85, 0x55, 0x11, 0x12, 0x21, 0x64, 0x27, 0x22, 0x76, 0x78, 0x89,
    0x88, 0x98, 0x77, 0x99, 0xA9, 0xAB, 0x88, 0x88, 0x78, 0x85, 0x53, 0x22,
    0x12, 0x22, 0x22, 0x75, 0x7A, 0x9B, 0x84, 0x88, 0x47, 0x72, 0x47, 0x14,
    0x62, 0x47, 0x25, 0x92, 0x6B, 0x37, 0xA4, 0x74, 0x45, 0x83, 0x4F, 0xAA,
    0xF8, 0x7F, 0x76, 0xF5, 0x5F, 0x33, 0xF3, 0x3F, 0x33, 0xF6, 0x5F, 0x86,
    0xF8, 0x6F, 0x54, 0x84, 0x43, 0x34, 0x46, 0x5B, 0xED, 0x9E, 0xA8, 0xE9,
    0x8E, 0x98, 0xE9, 0x8C, 0x98, 0x89, 0x88, 0x98, 0x89, 0x88, 0x97, 0x78,
    0x77, 0x89, 0x9A, 0x9A, 0xA7, 0x78, 0x88, 0x69, 0x96, 0x88, 0x67, 0x78,
    0x66, 0x86, 0x68, 0x67, 0x87, 0x89, 0x99, 0xA9, 0xAB, 0xDD, 0xEE, 0xEE,
    0xFF, 0xFE, 0xEC, 0xED, 0x1E, 0xC2, 0xFF, 0xBE, 0xFF, 0xEE, 0xFB, 0xBC,
    0x43, 0x44, 0x33, 0xB7, 0x7D, 0xCC, 0xE7, 0x6F, 0x75, 0xF8, 0x5E, 0x54,
    0x63, 0x49, 0x58, 0xC8, 0xCC, 0x6B, 0xD7, 0xBD, 0x7B, 0xC7, 0xBD, 0x7B,
    0xD7, 0xBD, 0x7B, 0xC7, 0xBB, 0x48, 0x9A, 0x9A, 0xDC, 0x7C, 0x77, 0xC8,
    0x7C, 0x87, 0xC7, 0x6B, 0x76, 0xB7, 0x5B, 0x65, 0x96, 0x44, 0x44, 0x45,
    0x44, 0x54, 0x45, 0x44, 0x58, 0x46, 0xC4, 0x8A, 0x47, 0x94, 0x7C, 0x49,
    0xC4, 0x8C, 0x48, 0xC5, 0x7D, 0x67, 0xC4, 0x9C, 0x48, 0xB4, 0x8B, 0x48,
    0x84, 0x74, 0x45, 0x44, 0x54, 0x44, 0x99, 0x86, 0x66, 0x11, 0x11, 0x11,
    0x21, 0x17, 0x34, 0x88, 0x98, 0x88, 0x99, 0xA9, 0x89, 0x99, 0xA9, 0xAB,
    0x99, 0xA8, 0x89, 0x86, 0x76, 0x44, 0x22, 0x22, 0x12, 0x96, 0x89, 0x7A,
    0x84, 0x77, 0x36, 0x61, 0x43, 0x12, 0x11, 0x22, 0x22, 0x42, 0x35, 0x24,
    0x43, 0x43, 0x34, 0x94, 0x4F, 0xAB, 0xF8, 0x6F, 0x75, 0xF4, 0x4B, 0x34,
    0x44, 0x49, 0x33, 0xF4, 0x4F, 0x76, 0xF8, 0x6F, 0x54, 0xA4, 0x44, 0x45,
    0x69, 0x7C, 0xED, 0x8D, 0x85, 0xC7, 0x5C, 0x78, 0xE9, 0x7A, 0x78, 0x99,
    0x99, 0x98, 0x89, 0x77, 0x87, 0x78, 0x99, 0xA8, 0x89, 0x88, 0x89, 0x99,
    0x88, 0x98, 0x88, 0x88, 0x77, 0x77, 0x66, 0x85, 0x68, 0x56, 0x78, 0x89,
    0xBB, 0xBD, 0xEE, 0xEE, 0xFE, 0xFF, 0xFF, 0xFF, 0xF6, 0xFF, 0x7F, 0xE9,
    0xFF, 0xBE, 0xFF, 0xEE, 0xFC, 0xCD, 0x44, 0x56, 0x33, 0xEA, 0xBE, 0x98,
    0xE7, 0x5E, 0x75, 0xF7, 0x5F, 0x65, 0x94, 0x38, 0x36, 0xB4, 0x8B, 0x48,
    0xB5, 0x9C, 0x7B, 0xC7, 0xBD, 0x7B, 0xC5, 0x9B, 0x48, 0xB4, 0x8A, 0x47,
    0x8B, 0xA8, 0xC9, 0x8C, 0x87, 0xB7, 0x5A, 0x64, 0xA5, 0x4A, 0x64, 0xA5,
    0x49, 0x64, 0x65, 0x43, 0x44, 0x45, 0x44, 0x54, 0x45, 0x54, 0x5B, 0x48,
    0xC4, 0x8A, 0x47, 0xA4, 0x7C, 0x48, 0xC4, 0x8C, 0x48, 0xB3, 0x8B, 0x48,
    0xB4, 0x8B, 0x48, 0x94, 0x7B, 0x48, 0x73, 0x63, 0x34, 0x33, 0x44, 0x44,
    0x99, 0x87, 0x76, 0x11, 0x11, 0x11, 0x31, 0x17, 0x44, 0x88, 0x88, 0x88,
    0x99, 0xA9, 0x9A, 0x87, 0x89, 0xAB, 0x99, 0xA8, 0x89, 0x87, 0x88, 0x55,
    0x32, 0x23, 0x22, 0x86, 0x89, 0x69, 0x84, 0x77, 0x36, 0x51, 0x31, 0x12,
    0x21, 0x22, 0x12, 0x22, 0x23, 0x23, 0x43, 0x43, 0x33, 0x94, 0x4E, 0xBB,
    0xF8, 0x6F, 0x76, 0xF4, 0x48, 0x34, 0x24, 0x46, 0x33, 0xE8, 0x8F, 0x86,
    0xF7, 0x6F, 0x54, 0xA3, 0x43, 0x44, 0x8B, 0xAB, 0xEC, 0x6C, 0x74, 0xA6,
    0x4A, 0x65, 0xB6, 0x46, 0x45, 0x65, 0x88, 0x89, 0x99, 0x88, 0x98, 0x89,
    0x99, 0xA8, 0x9A, 0x78, 0x8D, 0xDA, 0xFF, 0xBE, 0xE9, 0xA9, 0x17, 0x75,
    0x67, 0x86, 0x68, 0x67, 0x8C, 0xCD, 0xEF, 0xFE, 0xFF, 0xEE, 0xED, 0xDD,
    0xCB, 0xAD, 0xC4, 0xFE, 0x4F, 0xF9, 0xFE, 0x8E, 0xEC, 0xDE, 0xFD, 0xDE,
    0x33, 0x38, 0x44, 0xDA, 0xBD, 0x75, 0xE6, 0x5E, 0x65, 0xF7, 0x5F, 0x75,
    0xD4, 0x45, 0x34, 0x83, 0x68, 0x36, 0xA3, 0x7C, 0x7B, 0xC7, 0xCC, 0x6B,
    0xB3, 0x7A, 0x37, 0x93, 0x66, 0x45, 0x7B, 0x88, 0xC8, 0x8C, 0x86, 0xB6,
    0x48, 0x53, 0x64, 0x35, 0x44, 0x54, 0x45, 0x45, 0x45, 0x44, 0x54, 0x45,
    0x44, 0x44, 0x44, 0x84, 0x6C, 0x48, 0xC4, 0x88, 0x36, 0xB4, 0x8C, 0x48,
    0xC4, 0x8B, 0x48, 0xB4, 0x8B, 0x48, 0xB4, 0x8B, 0x48, 0x94, 0x7B, 0x48,
    0x63, 0x53, 0x33, 0x33, 0x34, 0x44, 0x99, 0x97, 0x77, 0x11, 0x11, 0x22,
    0x21, 0x17, 0x44, 0x88, 0x89, 0x99, 0x99, 0xA9, 0x9A, 0x74, 0x58, 0x89,
    0x99, 0xA8, 0x99, 0x88, 0x89, 0x66, 0x42, 0x22, 0x23, 0x85, 0x79, 0x68,
    0x84, 0x77, 0x36, 0x51, 0x31, 0x12, 0x11, 0x21, 0x12, 0x42, 0x3B, 0x9B,
    0xB8, 0xB7, 0x35, 0xA4, 0x4E, 0xAA, 0xF7, 0x5E, 0x65, 0xF7, 0x6C, 0x55,
    0x85, 0x5B, 0x77, 0xED, 0xDF, 0x87, 0xF7, 0x6F, 0x44, 0x84, 0x43, 0x65,
    0xBE, 0xDA, 0xEA, 0x6D, 0x75, 0x96, 0x56, 0x53, 0x74, 0x46, 0x34, 0x63,
    0x25, 0x34, 0x44, 0x34, 0x46, 0x78, 0x9C, 0xF8, 0xBE, 0x46, 0x89, 0x94,
    0xDD, 0x6D, 0xD8, 0xBA, 0x38, 0x87, 0x67, 0x87, 0x79, 0xAB, 0xBE, 0xFF,
    0xEE, 0xFD, 0xEF, 0xEE, 0xED, 0xDE, 0xDD, 0xCB, 0xA6, 0xDC, 0x1E, 0xD3,
    0xDD, 0x9D, 0xEE, 0xDE, 0xFD, 0xDE, 0x43, 0x3A, 0x56, 0xB8, 0x8C, 0x43,
    0xD3, 0x2E, 0x33, 0xE6, 0x5F, 0x75, 0xE5, 0x46, 0x33, 0x33, 0x33, 0x33,
    0x94, 0x7D, 0x8C, 0xC7, 0xCC, 0x6B, 0x94, 0x74, 0x34, 0x33, 0x43, 0x44,
    0x8B, 0x98, 0xC8, 0x8C, 0x87, 0xC7, 0x59, 0x67, 0x97, 0x9B, 0xAA, 0xCB,
    0x7A, 0x84, 0x54, 0x44, 0x55, 0x55, 0x55, 0x56, 0x45, 0xB4, 0x8C, 0x48,
    0xA4, 0x79, 0x37, 0xC4, 0x8C, 0x48, 0xB4, 0x8B, 0x38, 0xB4, 0x8B, 0x48,
    0xB4, 0x8B, 0x48, 0x94, 0x7B, 0x38, 0x63, 0x53, 0x33, 0x22, 0x33, 0x33,
    0xAA, 0xAA, 0xA9, 0x22, 0x21, 0x12, 0x11, 0x16, 0x22, 0x77, 0x78, 0x88,
    0x99, 0xB9, 0xAB, 0x99, 0xA8, 0x67, 0x87, 0x89, 0x9A, 0x88, 0x89, 0x55,
    0x42, 0x22, 0x22, 0x73, 0x58, 0x58, 0x84, 0x78, 0x47, 0x62, 0x42, 0x12,
    0x11, 0x21, 0x11, 0x74, 0x6B, 0xAD, 0xB7, 0xBA, 0x37, 0xC4, 0x6E, 0xAA,
    0xF6, 0x5E, 0x64, 0xF7, 0x6F, 0x76, 0xF8, 0x7F, 0xBA, 0xFA, 0x9F, 0x86,
    0xF6, 0x5F, 0x34, 0x64, 0x46, 0x97, 0xCF, 0xE8, 0xD9, 0x5C, 0x74, 0x75,
    0x43, 0x42, 0x42, 0x46, 0x34, 0x64, 0x35, 0x31, 0x11, 0x11, 0x25, 0x67,
    0x8B, 0xC8, 0xAC, 0x34, 0x69, 0x83, 0xBB, 0x7A, 0xA8, 0xAA, 0x88, 0x98,
    0x77, 0x8B, 0xCD, 0xDD, 0xED, 0xEF, 0xEE, 0xFD, 0xEE, 0xDD, 0xDB, 0xAA,
    0xCC, 0xAB, 0xA7, 0xCB, 0x6E, 0xD5, 0xED, 0x6D, 0xDE, 0xDE, 0xFD, 0xEF,
    0x96, 0x6D, 0xAB, 0xE9, 0x8D, 0x43, 0xB3, 0x3B, 0x33, 0xF5, 0x4E, 0x75,
    0xF6, 0x5A, 0x43, 0x33, 0x33, 0x33, 0x95, 0x8D, 0x9C, 0xC7, 0xBC, 0x6A,
    0x93, 0x63, 0x34, 0x33, 0x43, 0x44, 0x7B, 0x88, 0xC8, 0x8C, 0x88, 0xC8,
    0x8C, 0x88, 0xD9, 0x9D, 0x98, 0xD9, 0x7C, 0x85, 0x86, 0x44, 0x44, 0x45,
    0x55, 0x5A, 0x67, 0xC4, 0x9C, 0x49, 0x94, 0x7B, 0x48, 0xC4, 0x8B, 0x48,
    0xB4, 0x8B, 0x48, 0xB4, 0x8B, 0x48, 0xB4, 0x8A, 0x47, 0xA4, 0x7B, 0x38,
    0x53, 0x53, 0x34, 0x33, 0x44, 0x44, 0xDC, 0xBC, 0xCA, 0x33, 0x31, 0x11,
    0x11, 0x13, 0x11, 0x75, 0x58, 0x89, 0x99, 0x99, 0x9A, 0x99, 0xA9, 0x9A,
    0x88, 0x98, 0x88, 0x88, 0x98, 0x33, 0x32, 0x22, 0x22, 0x52, 0x48, 0x47,
    0x84, 0x79, 0x58, 0x94, 0x74, 0x23, 0x11, 0x22, 0x12, 0x85, 0x7B, 0x8B,
    0xB6, 0xAA, 0x48, 0xB5, 0x7E, 0xA9, 0xE6, 0x5D, 0x54, 0xF7, 0x6F, 0x75,
    0xF7, 0x6F, 0x75, 0xF7, 0x6F, 0x76, 0xF4, 0x3C, 0x44, 0x44, 0x49, 0xCA,
    0xBE, 0xC7, 0xD8, 0x5B, 0x64, 0x55, 0x22, 0x31, 0x32, 0x46, 0x44, 0x64,
    0x46, 0x32, 0x32, 0x12, 0x35, 0x67, 0x46, 0x74, 0x57, 0x24, 0x6B, 0xB6,
    0xFF, 0xAF, 0xFA, 0xEE, 0x6B, 0xBA, 0xBB, 0xCD, 0xDE, 0xCD, 0xDC, 0xCD,
    0xCC, 0xDD, 0xDE, 0xDD, 0xED, 0xDE, 0xCB, 0x9C, 0xB3, 0xED, 0x2E, 0xD1,
    0xCC, 0x4D, 0xDE, 0xDD, 0xEC, 0xCD, 0xD8, 0x8E, 0xCC, 0xF8, 0x6E, 0x43,
    0x63, 0x35, 0x33, 0xE4, 0x3E, 0x75, 0xE7, 0x5D, 0x43, 0x43, 0x33, 0x33,
    0xA6, 0x8C, 0x9C, 0xC7, 0xBC, 0x59, 0x83, 0x63, 0x34, 0x33, 0x43, 0x44,
    0x7B, 0x88, 0xC8, 0x8C, 0x88, 0xC8, 0x8D, 0x88, 0xC8, 0x7C, 0x87, 0xC8,
    0x6B, 0x75, 0x86, 0x44, 0x44, 0x45, 0x76, 0x4F, 0xC5, 0xB4, 0x8B, 0x48,
    0x84, 0x7C, 0x48, 0xC4, 0x8C, 0x48, 0xC4, 0x8C, 0x48, 0xC4, 0x8C, 0x48,
    0xC4, 0x8A, 0x47, 0xB4, 0x8B, 0x38, 0x53, 0x54, 0x44, 0x33, 0x35, 0x55,
    0xA9, 0x85, 0x54, 0x11, 0x11, 0x11, 0x11, 0x11, 0x11, 0x52, 0x28, 0x66,
    0x88, 0x89, 0x9A, 0x88, 0x98, 0x89, 0x88, 0x98, 0x89, 0x86, 0x68, 0x32,
    0x43, 0x32, 0x22, 0x31, 0x27, 0x25, 0x84, 0x79, 0x58, 0xA5, 0x98, 0x47,
    0x53, 0x46, 0x46, 0xAA, 0xCB, 0x8B, 0xA5, 0x9A, 0x47, 0xB6, 0x8E, 0x98,
    0xF6, 0x5E, 0x54, 0xE5, 0x4E, 0x54, 0xF7, 0x5F, 0x76, 0xF7, 0x6F, 0x44,
    0xF3, 0x36, 0x44, 0x46, 0x5B, 0xDD, 0x9D, 0xA8, 0xD8, 0x6C, 0x75, 0x96,
    0x46, 0x55, 0x65, 0x78, 0x74, 0x64, 0x46, 0x42, 0x42, 0x23, 0x35, 0x68,
    0x45, 0x74, 0x57, 0x45, 0x78, 0x96, 0xDD, 0x5E, 0xE2, 0xFE, 0x1E, 0xED,
    0xEE, 0xFD, 0xDE, 0xDD, 0xDD, 0xDC, 0xCC, 0xDC, 0xCD, 0xBC, 0xCB, 0xBB,
    0xBB, 0x7C, 0xB0, 0xCA, 0x1B, 0x94, 0xAA, 0x9C, 0xCD, 0xEE, 0xFC, 0xCD,
    0xDA, 0xBE, 0xAA, 0xE6, 0x4D, 0x43, 0x43, 0x33, 0x33, 0xC3, 0x3E, 0x75,
    0xE7, 0x5E, 0x54, 0x63, 0x33, 0x33, 0xA7, 0x9C, 0x8B, 0xC7, 0xBC, 0x59,
    0x73, 0x53, 0x34, 0x33, 0x43, 0x44, 0x7A, 0x88, 0xC9, 0x8C, 0x88, 0xC8,
    0x6B, 0x65, 0xA6, 0x4A, 0x64, 0xA6, 0x5A, 0x64, 0x65, 0x43, 0x44, 0x44,
    0x54, 0x4D, 0xB4, 0xEB, 0x69, 0x56, 0xA4, 0x8C, 0x48, 0xC4, 0x8C, 0x48,
    0xC4, 0x8B, 0x38, 0xB3, 0x8B, 0x38, 0xB3, 0x89, 0x37, 0xB3, 0x7A, 0x37,
    0x43, 0x43, 0x34, 0x22, 0x35, 0x55, 0x76, 0x54, 0x43, 0x11, 0x11, 0x11,
    0x11, 0x11, 0x11, 0x11, 0x15, 0x22, 0x85, 0x58, 0x78, 0x88, 0x98, 0x89,
    0x77, 0x88, 0x66, 0x72, 0x27, 0x52, 0x66, 0x31, 0x12, 0x21, 0x25, 0x13,
    0x83, 0x69, 0x59, 0xA5, 0x99, 0x58, 0x95, 0x8A, 0x69, 0xA7, 0xAA, 0x6A,
    0xB6, 0xA9, 0x36, 0xB7, 0x9E, 0x87, 0xF6, 0x5E, 0x54, 0xE3, 0x3D, 0x22,
    0xE5, 0x4F, 0x75, 0xF7, 0x6F, 0x44, 0x83, 0x43, 0x34, 0x69, 0x7C, 0xED,
    0x8D, 0x88, 0xD8, 0x8D, 0x88, 0xE9, 0x7A, 0x76, 0x76, 0x57, 0x54, 0x64,
    0x46, 0x43, 0x53, 0x24, 0x45, 0x68, 0x45, 0x74, 0x57, 0x56, 0x79, 0x95,
    0xEE, 0xAE, 0xE3, 0xED, 0x6E, 0xEE, 0xEE, 0xFC, 0xDD, 0xCD, 0xDD, 0xEE,
    0xDE, 0xED, 0xDE, 0xEE, 0xED, 0xDD, 0xCB, 0x5D, 0xB1, 0xCB, 0x5C, 0xC9,
    0xCC, 0x7B, 0xCC, 0xEE, 0xFE, 0xEF, 0xCB, 0xCD, 0x86, 0xE6, 0x4B, 0x43,
    0x43, 0x34, 0x33, 0xB7, 0x7E, 0x98, 0xE7, 0x5E, 0x65, 0xA4, 0x34, 0x34,
    0xB8, 0xAC, 0x8B, 0xC7, 0xBB, 0x59, 0x63, 0x53, 0x34, 0x33, 0x43, 0x43,
    0x7A, 0x88, 0xC9, 0x8C, 0x86, 0xB7, 0x49, 0x54, 0x85, 0x47, 0x44, 0x64,
    0x45, 0x43, 0x34, 0x43, 0x44, 0x44, 0x44, 0x45, 0x44, 0x98, 0x48, 0x56,
    0xB4, 0x8C, 0x48, 0xC4, 0x8C, 0x48, 0xC4, 0x8C, 0x48, 0xB4, 0x8C, 0x48,
    0xB4, 0x8A, 0x47, 0xC6, 0x7D, 0xA5, 0x54, 0x43, 0x34, 0x22, 0x26, 0x66,
    0x54, 0x33, 0x32, 0x12, 0x11, 0x11, 0x11, 0x11, 0x11, 0x11, 0x11, 0x11,
    0x31, 0x17, 0x32, 0x73, 0x37, 0x44, 0x73, 0x35, 0x11, 0x21, 0x11, 0x11,
    0x22, 0x22, 0x22, 0x22, 0x23, 0x12, 0x72, 0x48, 0x37, 0x95, 0x89, 0x58,
    0x95, 0x8A, 0x59, 0xA5, 0x9A, 0x5A, 0xA4, 0x88, 0x25, 0xB5, 0x7D, 0x76,
    0xE6, 0x5E, 0x43, 0xC3, 0x38, 0x33, 0xE4, 0x4E, 0x65, 0xF7, 0x5F, 0x54,
    0x74, 0x43, 0x44, 0x8B, 0xAB, 0xEC, 0x7D, 0x87, 0xD8, 0x7D, 0x87, 0xD8,
    0x58, 0x53, 0x53, 0x36, 0x34, 0x64, 0x46, 0x44, 0x63, 0x25, 0x46, 0x68,
    0x45, 0x74, 0x57, 0x66, 0x78, 0x85, 0xEE, 0x5E, 0xD4, 0xEE, 0x8E, 0xEF,
    0xDD, 0xEC, 0xDE, 0xDE, 0xEC, 0xDD, 0xDE, 0xED, 0xDE, 0xDD, 0xEE, 0xEE,
    0xBB, 0x8D, 0xC5, 0xFE, 0x5D, 0xD7, 0xBB, 0x7B, 0xBB, 0xDD, 0xEE, 0xEF,
    0xDB, 0xCE, 0x75, 0xE7, 0x5E, 0x65, 0xD6, 0x5D, 0x98, 0xDB, 0xBE, 0x97,
    0xF7, 0x5F, 0x75, 0xD4, 0x36, 0x34, 0xC9, 0xBC, 0x7B, 0xC7, 0xBB, 0x58,
    0x63, 0x53, 0x34, 0x33, 0x43, 0x44, 0x7A, 0x88, 0xC9, 0x7C, 0x87, 0xC7,
    0x48, 0x54, 0x65, 0x67, 0x78, 0x99, 0x9B, 0xA6, 0x97, 0x44, 0x44, 0x44,
    0x44, 0x54, 0x45, 0x43, 0x5A, 0x47, 0xC4, 0x8C, 0x48, 0xC4, 0x8C, 0x48,
    0xC4, 0x8C, 0x48, 0xB4, 0x8C, 0x48, 0xA3, 0x7B, 0x85, 0xCB, 0x48, 0x73,
    0x33, 0x33, 0x34, 0x22, 0x27, 0x77, 0x55, 0x36, 0x64, 0x33, 0x11, 0x11,
    0x11, 0x11, 0x11, 0x11, 0x11, 0x11, 0x11, 0x17, 0x63, 0x43, 0x22, 0x11,
    0x21, 0x11, 0x11, 0x11, 0x22, 0x22, 0x22, 0x32, 0x22, 0x11, 0x21, 0x11,
    0x31, 0x37, 0x25, 0x82, 0x58, 0x36, 0x84, 0x79, 0x48, 0x94, 0x89, 0x37,
    0x92, 0x68, 0x25, 0xB2, 0x3D, 0x44, 0xD4, 0x3D, 0x22, 0x93, 0x35, 0x33,
    0xE4, 0x4F, 0x75, 0xF7, 0x5F, 0x54, 0x93, 0x33, 0x54, 0x9C, 0xA9, 0xDA,
    0x8D, 0x86, 0xC7, 0x4B, 0x65, 0xC6, 0x37, 0x42, 0x52, 0x25, 0x24, 0x64,
    0x47, 0x44, 0x64, 0x25, 0x35, 0x68, 0x45, 0x76, 0x78, 0x77, 0x88, 0x85,
    0xDC, 0x1B, 0xB5, 0xDD, 0xAD, 0xEE, 0xCD, 0xDC, 0xCD, 0xDD, 0xED, 0xDE,
    0xCD, 0xEE, 0xFF, 0xEE, 0xFD, 0xDD, 0xA9, 0x7A, 0xA5, 0xBA, 0x6A, 0xA9,
    0xAA, 0xAA, 0xAA, 0xCC, 0xDE, 0xEF, 0xEA, 0x9F, 0x75, 0xF7, 0x5E, 0x75,
    0xF7, 0x5E, 0x75, 0xE7, 0x5E, 0x75, 0xE7, 0x5E, 0x75, 0xE5, 0x49, 0x34,
    0xC9, 0xCC, 0x7B, 0xC7, 0xBB, 0x48, 0x53, 0x43, 0x33, 0x33, 0x33, 0x33,
    0x6A, 0x78, 0xC9, 0x7C, 0x88, 0xC8, 0x7C, 0x88, 0xC9, 0xAD, 0xB9, 0xDA,
    0x9D, 0xA7, 0xC8, 0x47, 0x54, 0x44, 0x44, 0x54, 0x45, 0x74, 0x6B, 0x48,
    0xC4, 0x8B, 0x48, 0xC4, 0x8B, 0x48, 0xB4, 0x8B, 0x48, 0xB4, 0x8B, 0x38,
    0x83, 0x64, 0x33, 0x43, 0x43, 0x34, 0x44, 0x43, 0x34, 0x11, 0x28, 0x87,
    0x66, 0x45, 0x53, 0x33, 0x21, 0x11, 0x11, 0x11, 0x11, 0x11, 0x11, 0x11,
    0x11, 0x12, 0x11, 0x11, 0x21, 0x11, 0x11, 0x12, 0x22, 0x22, 0x22, 0x22,
    0x11, 0x21, 0x12, 0x11, 0x21, 0x11, 0x11, 0x23, 0x12, 0x51, 0x36, 0x14,
    0x72, 0x48, 0x25, 0x82, 0x58, 0x25, 0x62, 0x43, 0x23, 0x71, 0x2D, 0x22,
    0xE2, 0x2C, 0x22, 0x53, 0x33, 0x23, 0xB3, 0x3E, 0x44, 0xE5, 0x4E, 0x33,
    0x83, 0x33, 0x44, 0x5A, 0x66, 0xB7, 0x6B, 0x75, 0xA6, 0x47, 0x54, 0x64,
    0x23, 0x22, 0x21, 0x24, 0x23, 0x63, 0x36, 0x32, 0x53, 0x25, 0x43, 0x57,
    0x45, 0x78, 0x99, 0x88, 0x88, 0x86, 0xCB, 0x4E, 0xE9, 0xEE, 0xDD, 0xDE,
    0xBC, 0xCB, 0xBC, 0xBB, 0xCB, 0xBC, 0xBC, 0xDC, 0xCC, 0xEE, 0xEE, 0xEE,
    0xAA, 0x7C, 0xB4, 0xCB, 0x7D, 0xD5, 0xBB, 0x9A, 0xAA, 0xAA, 0xBC, 0xDE,
    0xEA, 0xAF, 0x75, 0xE5, 0x4D, 0x43, 0xE4, 0x3E, 0x32, 0xE3, 0x3E, 0x53,
    0xE7, 0x5E, 0x75, 0xE5, 0x4C, 0x35, 0xB8, 0xBC, 0x7B, 0xC6, 0xBA, 0x47,
    0x53, 0x43, 0x34, 0x33, 0x43, 0x34, 0x69, 0x68, 0xC8, 0x8C, 0x88, 0xC8,
    0x8C, 0x88, 0xC8, 0x7C, 0x87, 0xC8, 0x7C, 0x75, 0xB6, 0x47, 0x54, 0x34,
    0x44, 0x44, 0x44, 0x54, 0x58, 0x47, 0x93, 0x7B, 0x47, 0xC4, 0x8C, 0x48,
    0xC4, 0x8C, 0x48, 0xB4, 0x8A, 0x37, 0x73, 0x53, 0x33, 0x32, 0x33, 0x33,
    0x33, 0x43, 0x34, 0x11, 0x18, 0x88, 0x89, 0x78, 0xA7, 0x44, 0x21, 0x11,
    0x11, 0x11, 0x11, 0x11, 0x11, 0x11, 0x11, 0x11, 0x11, 0x11, 0x12, 0x22,
    0x22, 0x22, 0x12, 0x11, 0x11, 0x11, 0x11, 0x21, 0x12, 0x11, 0x21, 0x11,
    0x11, 0x21, 0x12, 0x11, 0x22, 0x12, 0x31, 0x24, 0x23, 0x32, 0x32, 0x22,
    0x22, 0x22, 0x22, 0x22, 0x25, 0x22, 0x72, 0x24, 0x22, 0x33, 0x32, 0x23,
    0x73, 0x3D, 0x33, 0xE3, 0x3C, 0x33, 0x43, 0x33, 0x33, 0x46, 0x44, 0x95,
    0x49, 0x54, 0x85, 0x43, 0x43, 0x34, 0x21, 0x21, 0x11, 0x12, 0x12, 0x52,
    0x25, 0x22, 0x42, 0x12, 0x22, 0x35, 0x24, 0x74, 0x57, 0xA9, 0x99, 0x98,
    0xBA, 0x6D, 0xD6, 0xFF, 0xAE, 0xEF, 0xBC, 0xDC, 0xDD, 0xBC, 0xBA, 0xAB,
    0xAB, 0xBC, 0xDD, 0xAA, 0x9C, 0xC9, 0xCC, 0x6C, 0xB6, 0xDD, 0x8D, 0xC4,
    0xBB, 0xAA, 0xAA, 0xBB, 0xCC, 0xDD, 0xEC, 0xCF, 0x65, 0xE4, 0x3C, 0x43,
    0xA3, 0x39, 0x33, 0x93, 0x3D, 0x43, 0xE6, 0x4E, 0x64, 0xE4, 0x3A, 0x35,
    0xA4, 0x8C, 0x6A, 0xB4, 0x8A, 0x47, 0x43, 0x43, 0x34, 0x43, 0x44, 0x34,
    0x48, 0x56, 0xA6, 0x7B, 0x76, 0xB7, 0x6B, 0x65, 0xA6, 0x5A, 0x65, 0xA6,
    0x5A, 0x65, 0xA6, 0x45, 0x54, 0x44, 0x44, 0x45, 0x55, 0x66, 0x54, 0x45,
    0x43, 0x56, 0x35, 0x84, 0x79, 0x47, 0xA4, 0x7B, 0x48, 0xB4, 0x8A, 0x37,
    0x53, 0x53, 0x33, 0x22, 0x32, 0x23, 0x33, 0x33, 0x45, 0x11, 0x19, 0x99,
    0x45, 0x28, 0xA4, 0x67, 0x22, 0x21, 0x11, 0x11, 0x11, 0x11, 0x11, 0x11,
    0x11, 0x12, 0x22, 0x22, 0x22, 0x12, 0x11, 0x11, 0x11, 0x11, 0x21, 0x12,
    0x11, 0x21, 0x12, 0x22, 0x26, 0x63, 0x21, 0x21, 0x12, 0x11, 0x21, 0x12,
    0x11, 0x21, 0x22, 0x22, 0x22, 0x22, 0x22, 0x22, 0x22, 0x22, 0x22, 0x22,
    0x22, 0x22, 0x22, 0x33, 0x33, 0x33, 0x33, 0x35, 0x33, 0x73, 0x35, 0x34,
    0x33, 0x44, 0x34, 0x33, 0x33, 0x54, 0x45, 0x43, 0x34, 0x33, 0x43, 0x33,
    0x11, 0x11, 0x11, 0x11, 0x11, 0x11, 0x12, 0x11, 0x11, 0x11, 0x11, 0x11,
    0x11, 0x24, 0x45, 0x99, 0x9A, 0x98, 0xBB, 0x4C, 0xB4, 0xBB, 0x4E, 0xEE,
    0xEE, 0xFD, 0xEE, 0xDD, 0xEA, 0xBB, 0xAB, 0xBD, 0xDD, 0xBB, 0xAA, 0xA7,
    0xBA, 0x8B, 0xBA, 0xCC, 0xAA, 0x98, 0xBB, 0xBB, 0xBB, 0xBC, 0xCC, 0xDD,
    0xDC, 0xDE, 0x54, 0xB3, 0x33, 0x33, 0x33, 0x43, 0x33, 0x33, 0x48, 0x33,
    0xE4, 0x3E, 0x43, 0xA4, 0x34, 0x34, 0x93, 0x6A, 0x37, 0xA3, 0x76, 0x35,
    0x64, 0x44, 0x34, 0x33, 0x43, 0x34, 0x45, 0x44, 0x95, 0x4A, 0x64, 0xA5,
    0x49, 0x54, 0x95, 0x48, 0x54, 0x85, 0x47, 0x54, 0x54, 0x44, 0x44, 0x44,
    0x44, 0x47, 0x75, 0x88, 0x54, 0x44, 0x33, 0x43, 0x34, 0x44, 0x44, 0x45,
    0x53, 0x55, 0x35, 0x53, 0x55, 0x35, 0x33, 0x42, 0x23, 0x32, 0x43, 0x34,
    0x33, 0x33, 0x34, 0x11, 0x1A, 0xA9, 0x66, 0x38, 0x83, 0x88, 0x34, 0x43,
    0x11, 0x12, 0x22, 0x11, 0x11, 0x11, 0x22, 0x22, 0x22, 0x11, 0x11, 0x11,
    0x11, 0x11, 0x11, 0x11, 0x21, 0x12, 0x11, 0x21, 0x12, 0x22, 0x24, 0x42,
    0x21, 0x21, 0x12, 0x11, 0x21, 0x12, 0x21, 0x22, 0x22, 0x22, 0x22, 0x22,
    0x22, 0x22, 0x22, 0x22, 0x22, 0x22, 0x22, 0x22, 0x22, 0x33, 0x33, 0x33,
    0x33, 0x33, 0x33, 0x33, 0x43, 0x34, 0x33, 0x44, 0x34, 0x33, 0x43, 0x34,
    0x33, 0x43, 0x34, 0x33, 0x42, 0x22, 0x11, 0x11, 0x11, 0x11, 0x11, 0x11,
    0x11, 0x11, 0x11, 0x11, 0x11, 0x11, 0x10, 0x03, 0x33, 0x99, 0x99, 0x99,
    0xAA, 0x8A, 0xA7, 0xBB, 0x4E, 0xD7, 0xEF, 0xFE, 0xFF, 0xFF, 0xFC, 0xDD,
    0xBB, 0xBD, 0xDC, 0xBB, 0xAC, 0xC7, 0xDC, 0x3C, 0xC7, 0xBB, 0xA9, 0x99,
    0xBB, 0xBC, 0xCC, 0xBC, 0xCB, 0xBC, 0xCC, 0xCA, 0x55, 0x53, 0x33, 0x33,
    0x33, 0x33, 0x33, 0x33, 0x43, 0x33, 0x63, 0x36, 0x33, 0x33, 0x33, 0x33,
    0x43, 0x45, 0x34, 0x43, 0x43, 0x34, 0x83, 0x45, 0x34, 0x33, 0x44, 0x34,
    0x33, 0x43, 0x44, 0x46, 0x54, 0x54, 0x44, 0x44, 0x44, 0x44, 0x44, 0x34,
    0x43, 0x44, 0x34, 0x44, 0x44, 0x44, 0x44, 0x44, 0x44, 0x44, 0x44, 0x44,
    0x33, 0x44, 0x34, 0x44, 0x44, 0x44, 0x44, 0x43, 0x44, 0x45, 0x63, 0x34,
    0x33, 0x32, 0x23, 0x22, 0x32, 0x23, 0x33, 0x43, 0x34, 0x11, 0x1A, 0xBA,
    0x66, 0x35, 0x51, 0x89, 0x47, 0x74, 0x11, 0x15, 0x55, 0x22, 0x22, 0x12,
    0x11, 0x11, 0x11, 0x11, 0x12, 0x22, 0x11, 0x21, 0x11, 0x11, 0x21, 0x12,
    0x11, 0x11, 0x12, 0x11, 0x21, 0x11, 0x11, 0x21, 0x12, 0x11, 0x22, 0x12,
    0x33, 0x22, 0x22, 0x22, 0x22, 0x22, 0x22, 0x22, 0x22, 0x22, 0x22, 0x22,
    0x22, 0x22, 0x22, 0x33, 0x32, 0x22, 0x32, 0x33, 0x33, 0x33, 0x33, 0x33,
    0x33, 0x33, 0x34, 0x33, 0x43, 0x34, 0x33, 0x43, 0x34, 0x33, 0x32, 0x22,
    0x11, 0x11, 0x11, 0x11, 0x11, 0x11, 0x11, 0x11, 0x11, 0x11, 0x11, 0x11,
    0x11, 0x11, 0x11, 0x77, 0x7A, 0xA8, 0xDC, 0x3E, 0xE5, 0xFE, 0x3D, 0xC3,
    0xDE, 0xDE, 0xFF, 0xFF, 0xFF, 0xFF, 0xCC, 0xDD, 0xDD, 0xBB, 0x9B, 0xB6,
    0xFF, 0x0F, 0xF4, 0xEE, 0x6B, 0xB7, 0xAA, 0xAB, 0xBB, 0xDD, 0xDB, 0xBC,
    0xBB, 0xC4, 0x45, 0x33, 0x33, 0x33, 0x33, 0x33, 0x33, 0x33, 0x33, 0x33,
    0x33, 0x33, 0x33, 0x33, 0x33, 0x33, 0x33, 0x33, 0x33, 0x33, 0x33, 0x34,
    0x33, 0x33, 0x33, 0x33, 0x43, 0x34, 0x33, 0x43, 0x34, 0x43, 0x44, 0x34,
    0x43, 0x43, 0x34, 0x44, 0x44, 0x44, 0x44, 0x45, 0x55, 0x44, 0x44, 0x44,
    0x44, 0x44, 0x44, 0x44, 0x44, 0x44, 0x33, 0x44, 0x44, 0x44, 0x44, 0x44,
    0x44, 0x43, 0x34, 0x34, 0x43, 0x33, 0x33, 0x33, 0x33, 0x22, 0x22, 0x23,
    0x34, 0x43, 0x33, 0x11, 0x1B, 0xBB, 0x66, 0x37, 0x63, 0x77, 0x54, 0x42,
    0x11, 0x18, 0x77, 0x44, 0x31, 0x11, 0x21, 0x21, 0x11, 0x11, 0x22, 0x33,
    0x44, 0x41, 0x11, 0x11, 0x22, 0x22, 0x12, 0x21, 0x12, 0x11, 0x21, 0x12,
    0x11, 0x21, 0x12, 0x11, 0x22, 0x12, 0x22, 0x22, 0x22, 0x22, 0x22, 0x22,
    0x22, 0x22, 0x22, 0x22, 0x22, 0x22, 0x32, 0x42, 0x22, 0x33, 0x32, 0x22,
    0x22, 0x32, 0x23, 0x33, 0x33, 0x33, 0x33, 0x33, 0x33, 0x33, 0x33, 0x33,
    0x33, 0x43, 0x33, 0x32, 0x31, 0x12, 0x21, 0x21, 0x12, 0x11, 0x11, 0x11,
    0x11, 0x11, 0x11, 0x31, 0x14, 0x11, 0x10, 0x10, 0x00, 0x11, 0x17, 0x65,
    0xDC, 0x1D, 0xC2, 0xDD, 0x7B, 0xA7, 0xCC, 0x9D, 0xEE, 0xEF, 0xFF, 0xFF,
    0xEF, 0xFE, 0xEE, 0xCC, 0x9B, 0xA5, 0xDC, 0x1F, 0xE8, 0xEE, 0xC9, 0x99,
    0x99, 0x9A, 0xAA, 0xDD, 0xDE, 0xEF, 0xBB, 0xC4, 0x44, 0x33, 0x33, 0x33,
    0x33, 0x33, 0x33, 0x33, 0x33, 0x33, 0x33, 0x33, 0x33, 0x33, 0x33, 0x33,
    0x33, 0x33, 0x33, 0x33, 0x33, 0x34, 0x33, 0x33, 0x33, 0x33, 0x44, 0x44,
    0x33, 0x44, 0x34, 0x43, 0x44, 0x34, 0x33, 0x43, 0x34, 0x44, 0x44, 0x34,
    0x43, 0x44, 0x34, 0x43, 0x43, 0x34, 0x43, 0x44, 0x44, 0x44, 0x44, 0x44,
    0x33, 0x43, 0x34, 0x43, 0x44, 0x45, 0x44, 0x53, 0x33, 0x22, 0x32, 0x23,
    0x65, 0x56, 0x55, 0x22, 0x24, 0x45, 0x56, 0x72, 0x22, 0x22, 0x2C, 0xCC,
    0x55, 0x38, 0x75, 0x88, 0x26, 0x62, 0x22, 0x28, 0x87, 0x65, 0x31, 0x11,
    0x44, 0x45, 0x54, 0x11, 0x12, 0x22, 0x77, 0x71, 0x12, 0x11, 0x15, 0x54,
    0x33, 0x31, 0x11, 0x21, 0x21, 0x12, 0x11, 0x22, 0x12, 0x22, 0x22, 0x22,
    0x22, 0x22, 0x22, 0x22, 0x22, 0x22, 0x22, 0x22, 0x22, 0x22, 0x22, 0x22,
    0x22, 0x22, 0x22, 0x33, 0x32, 0x23, 0x33, 0x33, 0x33, 0x33, 0x33, 0x33,
    0x33, 0x44, 0x34, 0x43, 0x44, 0x44, 0x44, 0x44, 0x34, 0x22, 0x31, 0x11,
    0x21, 0x21, 0x11, 0x11, 0x21, 0x11, 0x11, 0x11, 0x11, 0x11, 0x11, 0x11,
    0x00, 0x10, 0x00, 0x00, 0x00, 0x00, 0x33, 0x2B, 0xB4, 0xEE, 0x4E, 0xE8,
    0xCC, 0x8C, 0xCA, 0xDD, 0xBD, 0xDD, 0xEF, 0xFF, 0xFF, 0xEE, 0xCD, 0xD7,
    0xDD, 0x7E, 0xEA, 0x88, 0x98, 0x88, 0x99, 0x99, 0x9A, 0xAA, 0xBD, 0xDD,
    0xDE, 0xE3, 0x34, 0x22, 0x33, 0x33, 0x33, 0x33, 0x33, 0x33, 0x33, 0x33,
    0x44, 0x48, 0x85, 0x43, 0x43, 0x33, 0x33, 0x33, 0x33, 0x33, 0x43, 0x34,
    0x43, 0x43, 0x34, 0x33, 0x43, 0x34, 0x33, 0x44, 0x45, 0x44, 0x44, 0x34,
    0x43, 0x44, 0x34, 0x44, 0x44, 0x44, 0x44, 0x44, 0x44, 0x44, 0x44, 0x44,
    0x44, 0x45, 0x44, 0x54, 0x54, 0x56, 0x44, 0x45, 0x65, 0x45, 0x54, 0x45,
    0x44, 0x56, 0x65, 0x22, 0x32, 0x23, 0x99, 0xA8, 0x77, 0x11, 0x29, 0x99,
    0x88, 0x83, 0x33, 0x55, 0x5C, 0xCC, 0x98, 0x78, 0x86, 0x55, 0x19, 0x93,
    0x33, 0x28, 0x83, 0x77, 0x22, 0x11, 0x55, 0x59, 0x98, 0x22, 0x24, 0x44,
    0x99, 0x84, 0x34, 0x11, 0x18, 0x78, 0x77, 0x61, 0x12, 0x23, 0x34, 0x44,
    0x11, 0x21, 0x12, 0x65, 0x64, 0x44, 0x11, 0x22, 0x22, 0x74, 0x43, 0x22,
    0x22, 0x22, 0x23, 0x56, 0x52, 0x22, 0x22, 0x22, 0x22, 0x55, 0x42, 0x22,
    0x22, 0x33, 0x23, 0x43, 0x43, 0x43, 0x33, 0x33, 0x34, 0x33, 0x44, 0x34,
    0x44, 0x46, 0x55, 0x22, 0x21, 0x12, 0x21, 0x21, 0x11, 0x11, 0x11, 0x11,
    0x11, 0x11, 0x11, 0x11, 0x11, 0x11, 0x00, 0x00, 0x00, 0x00, 0x00, 0x00,
    0x44, 0x1B, 0xB3, 0xED, 0x4C, 0xC6, 0xBB, 0x8B, 0xA8, 0xCB, 0x8C, 0xB9,
    0xDD, 0x9E, 0xEB, 0xDD, 0x9C, 0xC7, 0xEE, 0x6B, 0xB5, 0x11, 0x18, 0x88,
    0x99, 0x99, 0x99, 0x99, 0xAA, 0xAB, 0xCC, 0xD3, 0x33, 0x22, 0x23, 0x23,
    0x33, 0x33, 0x23, 0x33, 0x33, 0x33, 0x43, 0x36, 0x64, 0x33, 0x34, 0x44,
    0x33, 0x33, 0x33, 0x33, 0x33, 0x33, 0x33, 0x43, 0x34, 0x43, 0x45, 0x45,
    0x33, 0x33, 0x34, 0x44, 0x44, 0x44, 0x33, 0x44, 0x34, 0x43, 0x46, 0x44,
    0x44, 0x44, 0x45, 0x44, 0x54, 0x44, 0x33, 0x48, 0x77, 0x87, 0x73, 0x44,
    0x43, 0x4A, 0xAA, 0x66, 0x63, 0x34, 0x44, 0x4B, 0xAA, 0x33, 0x33, 0x44,
    0xDB, 0xC8, 0x76, 0x22, 0x3C, 0xCC, 0xA9, 0x93, 0x33, 0x55, 0x5D, 0xDD,
    0xAA, 0x6A, 0xB6, 0x67, 0x38, 0x75, 0x33, 0x16, 0x63, 0x98, 0x24, 0x42,
    0x43, 0x49, 0x45, 0x42, 0x25, 0x43, 0xA6, 0x47, 0x43, 0x22, 0x28, 0x97,
    0x88, 0x53, 0x32, 0x22, 0x29, 0x88, 0x32, 0x32, 0x22, 0x99, 0x87, 0x66,
    0x11, 0x13, 0x33, 0xA9, 0x95, 0x33, 0x11, 0x24, 0x44, 0xAA, 0x93, 0x33,
    0x22, 0x24, 0x33, 0x99, 0x82, 0x22, 0x22, 0x24, 0x44, 0x86, 0x73, 0x33,
    0x33, 0x33, 0x34, 0x33, 0x43, 0x34, 0x44, 0x4A, 0x98, 0x21, 0x21, 0x12,
    0x11, 0x12, 0x22, 0x11, 0x11, 0x11, 0x11, 0x11, 0x11, 0x11, 0x11, 0x11,
    0x00, 0x00, 0x00, 0x00, 0x00, 0x00, 0x00, 0x02, 0x10, 0x22, 0x14, 0x44,
    0x88, 0x6A, 0xA6, 0x99, 0x6B, 0xA5, 0xED, 0x1D, 0xC5, 0xBB, 0x67, 0x73,
    0x76, 0x17, 0x62, 0x11, 0x17, 0x77, 0x89, 0x9A, 0xAA, 0xBB, 0xBB, 0xBC,
    0xAA, 0xA2, 0x22, 0x21, 0x25, 0x45, 0x44, 0x43, 0x33, 0x33, 0x37, 0x55,
    0x43, 0x43, 0x33, 0x43, 0x48, 0x87, 0x33, 0x43, 0x34, 0x33, 0x44, 0x34,
    0x33, 0x43, 0x33, 0x55, 0x59, 0x88, 0x33, 0x33, 0x33, 0x77, 0x77, 0x77,
    0x33, 0x33, 0x34, 0x54, 0x58, 0x45, 0x43, 0x46, 0x66, 0x88, 0x94, 0x34,
    0x44, 0x4B, 0xBB, 0xAA, 0x93, 0x34, 0x55, 0x6D, 0xCC, 0x98, 0x73, 0x33,
    0x66, 0x7D, 0xDC, 0x54, 0x46, 0x46, 0xE5, 0x89, 0x24, 0x45, 0x69, 0xBE,
    0x68, 0xB8, 0x77, 0x99, 0x8D, 0xDD, 0x98, 0x58, 0x75, 0x56, 0x36, 0x63,
    0x33, 0x14, 0x42, 0x99, 0x27, 0x72, 0x42, 0x39, 0x14, 0x61, 0x24, 0x32,
    0xA5, 0x39, 0x32, 0x32, 0x26, 0x74, 0x68, 0x33, 0x42, 0x33, 0x49, 0x9A,
    0x55, 0x52, 0x23, 0x87, 0x87, 0x66, 0x22, 0x24, 0x55, 0xAA, 0xA6, 0x54,
    0x11, 0x17, 0x77, 0xBB, 0xA5, 0x44, 0x11, 0x26, 0x56, 0xBB, 0xB4, 0x33,
    0x22, 0x27, 0x77, 0xBB, 0xA3, 0x33, 0x32, 0x34, 0x56, 0x44, 0x53, 0x33,
    0x66, 0x7B, 0xBB, 0x32, 0x31, 0x11, 0x22, 0x25, 0x54, 0x22, 0x21, 0x11,
    0x11, 0x14, 0x43, 0x22, 0x11, 0x11, 0x00, 0x00, 0x00, 0x00, 0x00, 0x00,
    0x00, 0x00, 0x00, 0x00, 0x07, 0x72, 0xDD, 0xBE, 0xE9, 0x98, 0x4B, 0xB2,
    0xBA, 0x2A, 0x92, 0xBB, 0x41, 0x11, 0x00, 0x01, 0x11, 0x10, 0x05, 0x55,
    0x9A, 0xAB, 0xBB, 0xDE, 0xEC, 0xCD, 0x99, 0x93, 0x33, 0x33, 0x3A, 0xAA,
    0x76, 0x62, 0x22, 0x33, 0x3A, 0x99, 0x54, 0x42, 0x23, 0x55, 0x5B, 0xAA,
    0x43, 0x43, 0x33, 0x43, 0x47, 0x55, 0x33, 0x43, 0x33, 0x88, 0x8B, 0xBB,
    0x44, 0x43, 0x34, 0xBB, 0xBA, 0x99, 0x33, 0x33, 0x33, 0x89, 0x94, 0x55,
    0x33, 0x49, 0x99, 0xCB, 0xA4, 0x34, 0x55, 0x6D, 0xCC, 0xB9, 0x83, 0x34,
    0x88, 0x8C, 0xDA, 0x88, 0x62, 0x33, 0x99, 0x8C, 0xB8, 0x65, 0x47, 0x36,
    0xF2, 0x78, 0x13, 0x57, 0x95, 0xAF, 0x48, 0xC9, 0x99, 0xAA, 0x9D, 0xDD,
    0x98, 0x79, 0x94, 0x44, 0x24, 0x41, 0x22, 0x11, 0x21, 0x55, 0x17, 0x72,
    0x32, 0x28, 0x24, 0x81, 0x33, 0x12, 0x85, 0x3A, 0x42, 0x51, 0x15, 0x63,
    0x68, 0x33, 0x52, 0x34, 0x55, 0x8A, 0x35, 0x72, 0x34, 0x44, 0x73, 0x35,
    0x11, 0x27, 0x66, 0xA6, 0x68, 0x54, 0x22, 0x28, 0x97, 0x8A, 0x66, 0x64,
    0x22, 0x28, 0x88, 0xCB, 0xA5, 0x54, 0x22, 0x3A, 0xAA, 0xCA, 0xA5, 0x54,
    0x22, 0x28, 0x88, 0x66, 0x63, 0x33, 0xA9, 0xAA, 0x99, 0x54, 0x41, 0x11,
    0x33, 0x38, 0x88, 0x33, 0x31, 0x11, 0x11, 0x17, 0x76, 0x33, 0x31, 0x11,
    0x00, 0x10, 0x00, 0x00, 0x00, 0x00, 0x00, 0x00, 0x00, 0x22, 0x1C, 0xB6,
    0xDD, 0xCF, 0xF7, 0xFF, 0x8E, 0xE7, 0xA9, 0x31, 0x11, 0x76, 0x12, 0x21,
    0x00, 0x12, 0x23, 0x22, 0x28, 0x77, 0x99, 0x98, 0x89, 0xAA, 0xAD, 0xDD,
    0x9A, 0xB3, 0x34, 0x55, 0x5A, 0xAA, 0x87, 0x62, 0x22, 0x66, 0x6B, 0xBB,
    0x66, 0x52, 0x23, 0x98, 0x9B, 0xB9, 0x65, 0x52, 0x33, 0x55, 0x5A, 0x99,
    0x33, 0x43, 0x34, 0xBB, 0xBC, 0xBA, 0x55, 0x45, 0x56, 0xCC, 0xBA, 0xA8,
    0x33, 0x35, 0x55, 0xCC, 0xC6, 0x66, 0x33, 0x4A, 0xAB, 0x98, 0x83, 0x33,
    0x96, 0x6E, 0x76, 0xC5, 0x44, 0x34, 0x8A, 0x68, 0xA4, 0x47, 0x44, 0x43,
    0xBA, 0x5A, 0x93, 0x55, 0x37, 0x35, 0xF2, 0x78, 0x14, 0x58, 0xA5, 0xBF,
    0x37, 0xB8, 0x88, 0xAA, 0x9C, 0xDD, 0x77, 0x5A, 0xA3, 0xAB, 0x59, 0x96,
    0x11, 0x10, 0x00, 0x11, 0x13, 0x31, 0x22, 0x17, 0x24, 0x91, 0x44, 0x12,
    0x64, 0x3A, 0x52, 0x62, 0x14, 0x43, 0x69, 0x34, 0x62, 0x23, 0x45, 0x8A,
    0x35, 0x82, 0x24, 0x44, 0x72, 0x25, 0x11, 0x28, 0x44, 0xA3, 0x28, 0x22,
    0x32, 0x27, 0x95, 0x69, 0x34, 0x73, 0x33, 0x3A, 0xA6, 0xCC, 0x57, 0x73,
    0x43, 0x4C, 0x69, 0xC4, 0x68, 0x44, 0x33, 0x3B, 0xBB, 0x98, 0x84, 0x33,
    0xC9, 0x8A, 0x64, 0x64, 0x31, 0x11, 0x55, 0x69, 0x98, 0x65, 0x41, 0x11,
    0x33, 0x38, 0x87, 0x54, 0x41, 0x11, 0x00, 0x10, 0x01, 0x00, 0x10, 0x00,
    0x00, 0x00, 0x00, 0x00, 0x13, 0x32, 0x22, 0x26, 0x51, 0xCB, 0x19, 0x93,
    0x76, 0x20, 0x01, 0x00, 0x01, 0x11, 0x22, 0x32, 0x24, 0x43, 0x4B, 0x67,
    0x98, 0x99, 0x9A, 0x99, 0x9B, 0xBC, 0x79, 0xA1, 0x23, 0x45, 0x64, 0x57,
    0x43, 0x52, 0x23, 0x98, 0x8B, 0x76, 0x85, 0x44, 0x33, 0xBB, 0x7C, 0xB5,
    0x77, 0x52, 0x33, 0x89, 0x9C, 0xBA, 0x44, 0x46, 0x55, 0xD9, 0x7C, 0x75,
    0x53, 0x37, 0x86, 0x9B, 0x66, 0x95, 0x33, 0x37, 0x78, 0x8A, 0xC5, 0x56,
    0x44, 0x65, 0x69, 0x33, 0x62, 0x23, 0xA5, 0x5D, 0x44, 0xA3, 0x23, 0x23,
    0x8A, 0x57, 0xA4, 0x46, 0x34, 0x43, 0xBB, 0x59, 0x93, 0x34, 0x38, 0x35,
    0xD1, 0x68, 0x25, 0x6A, 0xC5, 0xAE, 0x25, 0x88, 0x87, 0xAA, 0x9C, 0xDC,
    0x78, 0x3A, 0xB1, 0x9A, 0x56, 0x64, 0x44, 0x36, 0x65, 0x99, 0x98, 0x88,
    0x23, 0x23, 0x12, 0x93, 0x55, 0x12, 0x53, 0x2A, 0x53, 0x72, 0x13, 0x32,
    0x78, 0x44, 0x72, 0x23, 0x35, 0x7A, 0x36, 0x92, 0x23, 0x34, 0x72, 0x35,
    0x11, 0x27, 0x44, 0xA3, 0x39, 0x22, 0x43, 0x27, 0x95, 0x69, 0x34, 0x63,
    0x33, 0x3A, 0xA4, 0xCC, 0x48, 0x83, 0x53, 0x4D, 0x47, 0xC2, 0x58, 0x24,
    0x55, 0x69, 0xBD, 0x89, 0xA5, 0x44, 0xC8, 0x69, 0x42, 0x72, 0x22, 0x22,
    0x77, 0x67, 0x85, 0x66, 0x51, 0x11, 0x66, 0x58, 0x85, 0x65, 0x31, 0x11,
    0x00, 0x11, 0x11, 0x00, 0x10, 0x01, 0x00, 0x00, 0x00, 0x00, 0x00, 0x00,
    0x00, 0x00, 0x00, 0x11, 0x11, 0x10, 0x11, 0x00, 0x00, 0x00, 0x11, 0x12,
    0x22, 0x31, 0x24, 0x53, 0x4A, 0x35, 0x96, 0x7A, 0xAB, 0xCC, 0xCE, 0xFF,
    0x9A, 0xB1, 0x22, 0x44, 0x73, 0x47, 0x33, 0x54, 0x33, 0xC6, 0x5C, 0x43,
    0x93, 0x35, 0x54, 0xBC, 0x5B, 0xB4, 0x76, 0x34, 0x34, 0xB8, 0x9C, 0x67,
    0x64, 0x47, 0x65, 0xD7, 0x5C, 0x53, 0x53, 0x37, 0x96, 0x8B, 0x46, 0x94,
    0x34, 0x36, 0x9B, 0x59, 0xC2, 0x46, 0x44, 0x64, 0x48, 0x32, 0x52, 0x22,
    0xA5, 0x5B, 0x33, 0x82, 0x23, 0x33, 0x89, 0x56, 0x93, 0x24, 0x36, 0x64,
    0xBB, 0x48, 0x83, 0x33, 0x2A, 0x36, 0xA1, 0x46, 0x23, 0x59, 0xB5, 0x9C,
    0x24, 0x69, 0x87, 0x99, 0x8D, 0xDD, 0x77, 0x5A, 0xA6, 0xBC, 0xA8, 0x87,
    0xAA, 0x8B, 0xBA, 0x99, 0x9C, 0xCB, 0xBB, 0xA8, 0x88, 0xCC, 0xBB, 0xA9,
    0xBA, 0x99, 0x65, 0x84, 0x33, 0x32, 0x68, 0x45, 0x72, 0x23, 0x24, 0x79,
    0x37, 0x92, 0x34, 0x34, 0x73, 0x36, 0x22, 0x37, 0x44, 0xA3, 0x39, 0x22,
    0x53, 0x27, 0x95, 0x69, 0x34, 0x63, 0x33, 0x2A, 0xA4, 0xCC, 0x38, 0x83,
    0x53, 0x4D, 0x47, 0xC2, 0x58, 0x24, 0x56, 0x86, 0xAE, 0x47, 0xA8, 0x75,
    0xB7, 0x59, 0x42, 0x72, 0x22, 0x22, 0x67, 0x45, 0x73, 0x45, 0x31, 0x11,
    0x77, 0x48, 0x82, 0x76, 0x22, 0x21, 0x00, 0x10, 0x01, 0x00, 0x00, 0x01,
    0x00, 0x10, 0x01, 0x00, 0x00, 0x00, 0x00, 0x00, 0x00, 0x00, 0x00, 0x00,
    0x00, 0x00, 0x00, 0x00, 0x11, 0x11, 0x11, 0x22, 0x35, 0x53, 0x4A, 0x25,
    0x84, 0x5B, 0xCC, 0xDD, 0xEE, 0xFF, 0xBC, 0xC2, 0x23, 0x45, 0x73, 0x47,
    0x22, 0x44, 0x33, 0xC5, 0x5C, 0x43, 0x82, 0x26, 0x54, 0xBC, 0x5B, 0xB4,
    0x66, 0x36, 0x35, 0xD4, 0x7C, 0x25, 0x62, 0x38, 0x65, 0xD7, 0x5C, 0x54,
    0x43, 0x38, 0x96, 0x8A, 0x45, 0x84, 0x33, 0x36, 0x9B, 0x48, 0xB2, 0x34,
    0x44, 0x63, 0x47, 0x22, 0x43, 0x23, 0xB5, 0x4B, 0x32, 0x62, 0x24, 0x43,
    0x89, 0x45, 0x83, 0x23, 0x27, 0x74, 0xBB, 0x38, 0x73, 0x32, 0x2B, 0x36,
    0xB2, 0x56, 0x24, 0x79, 0xA5, 0x56, 0x23, 0x31, 0x11, 0x33, 0x3C, 0xCC,
    0x99, 0x9D, 0xDD, 0xEE, 0xDC, 0xCB, 0xCC, 0xBD, 0xDD, 0x88, 0x8D, 0xDC,
    0xEE, 0xDD, 0xDC, 0xAA, 0x8C, 0xCA, 0xCC, 0xB9, 0x99, 0xA9, 0x9A, 0x98,
    0xAA, 0x89, 0x96, 0x45, 0x45, 0x67, 0x47, 0xA1, 0x34, 0x33, 0x62, 0x36,
    0x11, 0x36, 0x33, 0xB4, 0x39, 0x22, 0x31, 0x16, 0x84, 0x69, 0x34, 0x63,
    0x23, 0x29, 0x94, 0xCC, 0x38, 0x83, 0x53, 0x4D, 0x47, 0xC2, 0x58, 0x23,
    0x56, 0x86, 0xAE, 0x47, 0xB6, 0x55, 0xA7, 0x5A, 0x52, 0x72, 0x22, 0x22,
    0x68, 0x45, 0x73, 0x35, 0x21, 0x11, 0x77, 0x48, 0x82, 0x66, 0x22, 0x11,
    0x00, 0x10, 0x00, 0x00, 0x00, 0x00, 0x00, 0x00, 0x01, 0x00, 0x10, 0x01,
    0x00, 0x10, 0x01, 0x00, 0x10, 0x00, 0x00, 0x10, 0x01, 0x00, 0x11, 0x12,
    0x23, 0x42, 0x45, 0x63, 0x4B, 0x35, 0x83, 0x59, 0x9A, 0xCC, 0xDE, 0xEF,
    0xCD, 0xD3, 0x33, 0x45, 0x83, 0x47, 0x32, 0x45, 0x44, 0xC5, 0x5C, 0x43,
    0x82, 0x26, 0x64, 0xCC, 0x5B, 0xB4, 0x66, 0x37, 0x45, 0xD4, 0x7C, 0x35,
    0x62, 0x39, 0x65, 0xD7, 0x4B, 0x53, 0x43, 0x38, 0xA6, 0x8A, 0x44, 0x74,
    0x34, 0x46, 0x9C, 0x48, 0xB2, 0x34, 0x55, 0x83, 0x47, 0x22, 0x45, 0x34,
    0xB4, 0x4A, 0x32, 0x41, 0x25, 0x64, 0x79, 0x44, 0x73, 0x23, 0x2A, 0xA5,
    0xDD, 0x48, 0x84, 0x64, 0x5F, 0x59, 0xF3, 0x77, 0x45, 0x7C, 0xE5, 0x9B,
    0x12, 0x44, 0x43, 0x22, 0x24, 0x44, 0x66, 0x5A, 0xBA, 0xCC, 0xBA, 0xBA,
    0xEE, 0xDC, 0xCB, 0x89, 0x9B, 0xBB, 0xDD, 0xDB, 0xBA, 0xCC, 0xBE, 0xDC,
    0xCC, 0xB9, 0x98, 0xAA, 0x9B, 0xA9, 0xCB, 0xAC, 0xBA, 0xCB, 0x9A, 0xA9,
    0x78, 0x97, 0x77, 0x66, 0x74, 0x47, 0x22, 0x35, 0x33, 0xA4, 0x39, 0x21,
    0x31, 0x16, 0x74, 0x69, 0x34, 0x63, 0x23, 0x29, 0x94, 0xBB, 0x38, 0x83,
    0x53, 0x4D, 0x47, 0xC2, 0x58, 0x23, 0x56, 0x86, 0xAE, 0x37, 0xB3, 0x34,
    0x96, 0x4A, 0x52, 0x72, 0x23, 0x32, 0x68, 0x44, 0x73, 0x34, 0x21, 0x11,
    0x77, 0x48, 0x82, 0x66, 0x21, 0x11, 0x00, 0x10, 0x00, 0x00, 0x00, 0x00,
    0x00, 0x00, 0x00, 0x00, 0x00, 0x01, 0x00, 0x10, 0x11, 0x00, 0x10, 0x01,
    0x00, 0x10, 0x01, 0x11, 0x23, 0x35, 0x33, 0x42, 0x45, 0x63, 0x5C, 0x36,
    0xA3, 0x58, 0x88, 0xAA, 0xBE, 0xEF, 0xDE, 0xE4, 0x44, 0x55, 0x84, 0x47,
    0x32, 0x46, 0x44, 0xD5, 0x5C, 0x43, 0x72, 0x27, 0x75, 0xCC, 0x5B, 0xB4,
    0x55, 0x38, 0x46, 0xD4, 0x7C, 0x35, 0x53, 0x3A, 0x76, 0xD7, 0x4B, 0x53,
    0x44, 0x49, 0xB6, 0x8B, 0x55, 0x74, 0x45, 0x56, 0xAD, 0x48, 0xB3, 0x56,
    0x56, 0xA4, 0x59, 0x33, 0x58, 0x55, 0xE5, 0x5B, 0x32, 0x42, 0x26, 0x85,
    0x79, 0x44, 0x74, 0x44, 0x4C, 0xC6, 0xDD, 0x58, 0x85, 0x86, 0x7E, 0x6A,
    0xE5, 0x89, 0x78, 0x9C, 0xC8, 0xBC, 0x88, 0x8A, 0x98, 0x88, 0x87, 0x77,
    0xAA, 0x9D, 0xDC, 0xEE, 0xDE, 0xEE, 0xEE, 0xDD, 0xDC, 0x88, 0x8C, 0xDC,
    0xDD, 0xCD, 0xDC, 0xDD, 0xCE, 0xDC, 0xBB, 0x99, 0x99, 0xAA, 0x9B, 0xB9,
    0xBB, 0x9B, 0xB9, 0xBB, 0x9A, 0xA9, 0x99, 0x8B, 0xB9, 0xCB, 0x9B, 0xB9,
    0xAA, 0x8A, 0x87, 0xA7, 0x69, 0x54, 0x64, 0x36, 0x75, 0x79, 0x34, 0x63,
    0x22, 0x29, 0x94, 0xBB, 0x37, 0x73, 0x42, 0x3D, 0x37, 0xC2, 0x57, 0x23,
    0x57, 0x86, 0xAE, 0x47, 0xB3, 0x34, 0xA6, 0x4A, 0x52, 0x72, 0x23, 0x33,
    0x68, 0x44, 0x73, 0x34, 0x24, 0x32, 0x88, 0x48, 0x82, 0x66, 0x21, 0x11,
    0x00, 0x10, 0x00, 0x00, 0x00, 0x00, 0x00, 0x00, 0x00, 0x00, 0x00, 0x01,
    0x00, 0x10, 0x01, 0x00, 0x10, 0x01, 0x00, 0x10, 0x01, 0x11, 0x22, 0x23,
    0x23, 0x52, 0x46, 0x73, 0x5C, 0x36, 0xA3, 0x46, 0x55, 0x87, 0x7A, 0x99,
    0x98, 0x74, 0x34, 0x56, 0x94, 0x48, 0x33, 0x47, 0x45, 0xD5, 0x5C, 0x33,
    0x73, 0x38, 0x85, 0xCC, 0x5B, 0xB4, 0x55, 0x49, 0x46, 0xE4, 0x7C, 0x25,
    0x53, 0x4B, 0x86, 0xE7, 0x4A, 0x43, 0x44, 0x49, 0xC6, 0x7A, 0x43, 0x63,
    0x56, 0x76, 0xBE, 0x47, 0xA4, 0x45, 0x66, 0xB5, 0x58, 0x44, 0x59, 0x66,
    0xB6, 0x6A, 0x76, 0x87, 0x69, 0x97, 0x99, 0x79, 0x98, 0xA9, 0x9A, 0xA8,
    0xA9, 0x7A, 0x98, 0xA9, 0x89, 0x98, 0xAA, 0xAA, 0xA9, 0xA9, 0x89, 0x97,
    0xA9, 0x89, 0x98, 0x33, 0x39, 0x99, 0xBB, 0xAE, 0xED, 0xEE, 0xDE, 0xED,
    0xEE, 0xDD, 0xDC, 0x89, 0x9B, 0xBA, 0xDD, 0xCE, 0xED, 0xDD, 0xCB, 0xB9,
    0xAA, 0x99, 0x99, 0xAA, 0x9B, 0xB9, 0xBA, 0x9B, 0xA9, 0xBB, 0x9A, 0xA9,
    0x99, 0x8B, 0xA9, 0xCB, 0x9C, 0xB9, 0xCB, 0x9C, 0xB9, 0xAA, 0x9A, 0xA9,
    0xCB, 0x9B, 0xA9, 0xAA, 0x79, 0x97, 0x77, 0x69, 0xA6, 0xCC, 0x5A, 0x94,
    0x74, 0x5C, 0x47, 0xC2, 0x57, 0x23, 0x57, 0x96, 0xAD, 0x47, 0xA3, 0x33,
    0xA6, 0x4A, 0x42, 0x72, 0x23, 0x32, 0x68, 0x44, 0x72, 0x24, 0x23, 0x31,
    0x88, 0x47, 0x72, 0x55, 0x11, 0x11, 0x00, 0x10, 0x01, 0x00, 0x10, 0x01,
    0x00, 0x10, 0x00, 0x00, 0x00, 0x00, 0x00, 0x10, 0x01, 0x00, 0x10, 0x01,
    0x00, 0x10, 0x01, 0x11, 0x22, 0x23, 0x45, 0x83, 0x57, 0x94, 0x6C, 0x36,
    0x82, 0x35, 0x22, 0x64, 0x47, 0x43, 0x96, 0x44, 0x45, 0x55, 0xA4, 0x48,
    0x22, 0x48, 0x55, 0xD5, 0x4B, 0x33, 0x52, 0x28, 0x85, 0xCC, 0x4B, 0xA4,
    0x44, 0x3A, 0x47, 0xD3, 0x7C, 0x35, 0x53, 0x4B, 0x76, 0xB7, 0x59, 0x65,
    0x77, 0x5A, 0xB7, 0x8A, 0x67, 0x86, 0x78, 0x89, 0xAB, 0x99, 0x99, 0x98,
    0xA9, 0x9A, 0x98, 0x99, 0x8A, 0xA9, 0xBA, 0x9B, 0xA9, 0xBA, 0x9B, 0xA9,
    0xBA, 0x99, 0x99, 0xAA, 0x9B, 0xA9, 0xBA, 0x9B, 0xA9, 0xBA, 0x9A, 0xA9,
    0xAA, 0xAA, 0x98, 0x99, 0x89, 0x98, 0xA9, 0x89, 0x98, 0x33, 0x39, 0xA9,
    0xAA, 0xAE, 0xED, 0xEE, 0xDE, 0xED, 0xEE, 0xDD, 0xED, 0x89, 0x9B, 0xBA,
    0xFF, 0xEE, 0xED, 0xCB, 0xAB, 0xA9, 0xAA, 0x89, 0x99, 0xA9, 0x8B, 0xA9,
    0xBA, 0x9B, 0xA9, 0xBB, 0x9A, 0xA9, 0x99, 0x9B, 0xA9, 0xCB, 0x9C, 0xB9,
    0xCB, 0x9C, 0xB9, 0xA9, 0x99, 0x98, 0xBA, 0x8B, 0xA8, 0xCA, 0x9C, 0xB9,
    0xBA, 0x99, 0x98, 0xBA, 0x8C, 0xA8, 0xBA, 0x8C, 0xA8, 0xB9, 0x89, 0x88,
    0x89, 0x8A, 0xBA, 0xAA, 0x99, 0x87, 0xB9, 0x7B, 0x97, 0x87, 0x68, 0x86,
    0xAA, 0x7A, 0xA7, 0x98, 0x78, 0x76, 0x88, 0x68, 0x86, 0x99, 0x68, 0x76,
    0x21, 0x20, 0x00, 0x00, 0x00, 0x00, 0x00, 0x00, 0x01, 0x00, 0x00, 0x00,
    0x00, 0x10, 0x01, 0x00, 0x10, 0x01, 0x00, 0x10, 0x11, 0x11, 0x22, 0x23,
    0x56, 0x78, 0x88, 0xB8, 0x8C, 0x78, 0x74, 0x36, 0x43, 0x77, 0x76, 0x33,
    0x96, 0x59, 0x87, 0x88, 0x99, 0x88, 0x77, 0x79, 0x88, 0xD8, 0x7C, 0x87,
    0xA8, 0x7B, 0xA7, 0xCB, 0x7A, 0x97, 0x99, 0x7C, 0x98, 0xC9, 0x8B, 0x97,
    0xB9, 0x8A, 0x98, 0xAA, 0x9D, 0xCB, 0xDC, 0xBD, 0xCA, 0xDC, 0xAC, 0xBA,
    0x99, 0x9C, 0xBA, 0xDC, 0xAD, 0xCA, 0xDC, 0xAD, 0xCA, 0xAA, 0x9A, 0xA9,
    0xCC, 0xAC, 0xBA, 0xCB, 0xAC, 0xBA, 0xCB, 0x99, 0x99, 0xBB, 0xAC, 0xCA,
    0xCB, 0xAC, 0xBA, 0xCB, 0x9A, 0x99, 0xAA, 0xAB, 0xB9, 0xBB, 0x9B, 0xA9,
    0xBB, 0x9B, 0xBA, 0x44, 0x3A, 0xBB, 0xAB, 0xAF, 0xFE, 0xEE, 0xDE, 0xED,
    0xEE, 0xDD, 0xED, 0x89, 0x9B, 0xBA, 0xED, 0xCD, 0xCB, 0xCB, 0x9C, 0xB9,
    0xBB, 0x99, 0x99, 0xAA, 0x9C, 0xB9, 0xCB, 0x9C, 0xB9, 0xCB, 0xAB, 0xB9,
    0x99, 0x9C, 0xB9, 0xCB, 0x9C, 0xB9, 0xCB, 0x9D, 0xCA, 0xAA, 0x9A, 0x99,
    0xCC, 0xAC, 0xB9, 0xCB, 0x9D, 0xCA, 0xCB, 0x99, 0x98, 0xCB, 0x9D, 0xCA,
    0xCB, 0x9D, 0xC9, 0xCB, 0x9A, 0xA9, 0xA9, 0x8D, 0xCA, 0xDC, 0xAC, 0xB9,
    0xCB, 0x9B, 0xA9, 0x99, 0x8B, 0xA9, 0xDC, 0xAD, 0xCA, 0xCB, 0x9D, 0xB9,
    0x99, 0x89, 0x98, 0xCB, 0x9D, 0xCA, 0x33, 0x30, 0x00, 0x00, 0x00, 0x01,
    0x00, 0x10, 0x01, 0x00, 0x10, 0x00, 0x00, 0x00, 0x01, 0x00, 0x00, 0x00,
    0x00, 0x00, 0x01, 0x11, 0x22, 0x23, 0x77, 0x7B, 0xA9, 0xCB, 0x9C, 0xB9,
    0xA9, 0x79, 0x76, 0x75, 0x58, 0x54, 0xCA, 0x9D, 0xCA, 0xDC, 0xAE, 0xDB,
    0xBA, 0x99, 0x98, 0xCC, 0xAD, 0xCA, 0xCC, 0xAD, 0xCA, 0xCB, 0xA9, 0x98,
    0xBB, 0x9C, 0xB9, 0xCB, 0xAC, 0xB9, 0xCB, 0x9A, 0x98, 0xAA, 0x9D, 0xCA,
    0xDC, 0xAD, 0xCA, 0xCC, 0xAC, 0xBA, 0x99, 0x9C, 0xBA, 0xCB, 0xAC, 0xCA,
    0xCB, 0xAC, 0xB9, 0xA9, 0x9A, 0xA9, 0xCB, 0x9C, 0xB9, 0xCB, 0x9C, 0xBA,
    0xCB, 0x99, 0x99, 0xBA, 0xAC, 0xBA, 0xCB, 0x9C, 0xB9, 0xCB, 0x9A, 0xA9,
    0xAB, 0xAB, 0xBA, 0xBA, 0x9C, 0xB9, 0xCB, 0x9B, 0xA9, 0x66, 0x55, 0x55,
    0xAA, 0xAE, 0xDC, 0xDD, 0xCE, 0xEC, 0xEE, 0xCB, 0xBA, 0x89, 0x9A, 0xA9,
    0xDD, 0xBC, 0xCA, 0xDC, 0xAD, 0xCA, 0xCC, 0xA9, 0x99, 0xAA, 0x9C, 0xBA,
    0xCB, 0xAC, 0xBA, 0xCB, 0xAB, 0xBA, 0x99, 0x9B, 0xA9, 0xCB, 0x9C, 0xB9,
    0xCC, 0xAD, 0xCA, 0xAA, 0x9A, 0x99, 0xCB, 0x9C, 0xB9, 0xCB, 0x9B, 0xA8,
    0xB9, 0x89, 0x99, 0xBA, 0x9C, 0xB9, 0xDC, 0xAC, 0xB9, 0xCB, 0x9A, 0xA9,
    0x99, 0x8C, 0xB9, 0xBA, 0x9B, 0xA8, 0xA9, 0x79, 0x87, 0x99, 0x8B, 0xA8,
    0xBA, 0x9B, 0xA8, 0xB9, 0x8B, 0xA9, 0x99, 0x89, 0x98, 0xCB, 0x9C, 0xB9,
    0x22, 0x20, 0x01, 0x00, 0x10, 0x01, 0x00, 0x10, 0x01, 0x00, 0x00, 0x00,
    0x00, 0x00, 0x00, 0x00, 0x10, 0x01, 0x00, 0x11, 0x23, 0x12, 0x33, 0x35,
    0x88, 0x89, 0x86, 0xA8, 0x69, 0x87, 0xA8, 0x7A, 0x87, 0x75, 0x4A, 0x76,
    0xBA, 0x8B, 0xA8, 0xBA, 0x8C, 0xA9, 0xA9, 0x89, 0x99, 0xBA, 0x8B, 0xA8,
    0xA9, 0x8B, 0xA8, 0xA9, 0x79, 0x99, 0x98, 0x78, 0x65, 0x86, 0x5A, 0x87,
    0x97, 0x69, 0x87, 0xAA, 0x99, 0x87, 0xA9, 0x7A, 0x97, 0xA9, 0x7A, 0x98,
    0x99, 0x9A, 0xA8, 0xA9, 0x8B, 0xA9, 0xBA, 0x8A, 0x97, 0x99, 0x9A, 0xA9,
    0xA9, 0x7A, 0x98, 0xA9, 0x7A, 0x97, 0xA9, 0x89, 0xA9, 0xA9, 0x9B, 0x98,
    0xA9, 0x8B, 0x98, 0xA9, 0x7A, 0xA9, 0xEE, 0xE9, 0x87, 0x98, 0x7A, 0x98,
    0xCB, 0x9B, 0xA9, 0xAA, 0xAA, 0xAA, 0x99, 0x8A, 0x97, 0xA9, 0x7A, 0x98,
    0xBA, 0x8A, 0x98, 0x99, 0x99, 0x98, 0xA9, 0x7B, 0x98, 0xA9, 0x8A, 0x98,
    0xA9, 0x89, 0x99, 0x99, 0x8A, 0x97, 0xA9, 0x7A, 0x97, 0xA9, 0x7A, 0x98,
    0x99, 0x9A, 0x98, 0xBA, 0x8B, 0xA8, 0xA9, 0x7B, 0x98, 0xAA, 0x99, 0x98,
    0xB9, 0x8B, 0x98, 0xA8, 0x79, 0x86, 0x97, 0x69, 0x99, 0x98, 0x7A, 0x86,
    0xBA, 0x8B, 0xA8, 0xBA, 0x8A, 0x98, 0x99, 0x8A, 0x98, 0xA9, 0x7A, 0x87,
    0xB9, 0x7A, 0x87, 0x99, 0x8A, 0x97, 0xA9, 0x7A, 0x97, 0xA9, 0x7A, 0x97,
    0x99, 0x89, 0x87, 0xA9, 0x7A, 0x97, 0x21, 0x20, 0x01, 0x00, 0x10, 0x01,
    0x00, 0x10, 0x01, 0x00, 0x00, 0x00, 0x00, 0x00, 0x00, 0x00, 0x00, 0x00,
    0x11, 0x23, 0x45, 0x33, 0x43, 0x34, 0x88, 0x8A, 0x87, 0x98, 0x6A, 0x87,
    0xA8, 0x79, 0x86, 0x98, 0x89, 0x87, 0x97, 0x69, 0x86, 0xA8, 0x79, 0x86,
    0x98, 0x79, 0x99, 0xA8, 0x6A, 0x97, 0xA9, 0x79, 0x86, 0x98, 0x69, 0x99,
    0x98, 0x77, 0x64, 0x86, 0x59, 0x76, 0x97, 0x68, 0x87, 0xAA, 0x9A, 0x87,
    0x87, 0x5A, 0x86, 0xBA, 0x7A, 0x98, 0xAA, 0x9A, 0x98, 0xB9, 0x8B, 0xA8,
    0xBA, 0x8A, 0x97, 0x99, 0x9A, 0xA9, 0xA9, 0x7A, 0x97, 0xB9, 0x8B, 0x97,
    0xA9, 0x7A, 0xAA, 0xA9, 0x8A, 0x87, 0x98, 0x79, 0x86, 0xA9, 0x7A, 0xA9,
    0xEF, 0xFA, 0x98, 0xA9, 0x8B, 0xA8, 0xBA, 0x9B, 0xA8, 0xCC, 0xBF, 0xFF,
    0x99, 0x8A, 0x97, 0xB9, 0x7A, 0x97, 0xB9, 0x7A, 0x97, 0x99, 0x99, 0x98,
    0xA9, 0x7B, 0x97, 0xA9, 0x79, 0x76, 0xA9, 0x79, 0x99, 0x99, 0x8A, 0x97,
    0xA9, 0x7A, 0x97, 0xA9, 0x7A, 0x98, 0x99, 0x9A, 0x97, 0xB9, 0x8A, 0x97,
    0xA8, 0x7A, 0x87, 0xA9, 0x8A, 0x99, 0xA9, 0x7A, 0x97, 0xA8, 0x7A, 0x86,
    0xA8, 0x79, 0x99, 0xA9, 0x7A, 0x86, 0xA8, 0x6B, 0x97, 0xB9, 0x7A, 0x98,
    0x99, 0x8A, 0x97, 0xA9, 0x7A, 0x97, 0xA8, 0x6A, 0x87, 0x99, 0x8A, 0x98,
    0xB9, 0x8A, 0x97, 0xA9, 0x7A, 0x97, 0x99, 0x88, 0x87, 0x98, 0x6B, 0xA8,
    0x21, 0x20, 0x01, 0x01, 0x10, 0x11, 0x00, 0x10, 0x01, 0x00, 0x00, 0x00,
    0x00, 0x00, 0x00, 0x00, 0x00, 0x00, 0x11, 0x22, 0x34, 0x22, 0x44, 0x45,
    0x99, 0x89, 0x87, 0xA9, 0x7A, 0x98, 0xA8, 0x79, 0x87, 0x99, 0x89, 0x88,
    0xA8, 0x69, 0x86, 0xA8, 0x69, 0x76, 0x87, 0x79, 0x99, 0xA8, 0x6A, 0x97,
    0xA8, 0x69, 0x76, 0x87, 0x69, 0x99, 0x88, 0x78, 0x75, 0x75, 0x49, 0x76,
    0xA8, 0x69, 0x98, 0xAA, 0x9B, 0x98, 0xBA, 0x8B, 0xA8, 0xA9, 0x8A, 0x98,
    0xAA, 0xAA, 0x98, 0xA9, 0x8B, 0xA8, 0xA9, 0x7A, 0x97, 0x99, 0x9A, 0xA9,
    0xA9, 0x7B, 0xA8, 0xB9, 0x7B, 0x97, 0xA9, 0x89, 0xA9, 0xA9, 0x8B, 0x98,
    0xA9, 0x79, 0x86, 0xA8, 0x6B, 0xA9, 0xEF, 0xFB, 0xB9, 0xBA, 0x9B, 0xA8,
    0xBA, 0x8A, 0x98, 0xCC, 0xCE, 0xEE, 0x99, 0x89, 0x86, 0xA9, 0x7A, 0x97,
    0xA9, 0x7B, 0x98, 0x99, 0x99, 0x98, 0xBA, 0x8A, 0x97, 0xA8, 0x79, 0x86,
    0xA9, 0x79, 0x99, 0x99, 0x8A, 0x97, 0xA9, 0x7A, 0x97, 0xA8, 0x7A, 0x97,
    0x99, 0x99, 0x87, 0xA8, 0x7A, 0x97, 0xA9, 0x6A, 0x86, 0x99, 0x89, 0x99,
    0xA9, 0x7A, 0x86, 0xA8, 0x6A, 0x86, 0x98, 0x79, 0x99, 0x99, 0x7B, 0x97,
    0xA9, 0x7A, 0x87, 0xB9, 0x7A, 0x98, 0x99, 0x8B, 0x97, 0xBA, 0x8B, 0xA8,
    0xBA, 0x8A, 0x98, 0x99, 0x8A, 0x98, 0xBA, 0x8C, 0xA8, 0xBA, 0x8C, 0xA9,
    0x99, 0x89, 0x88, 0xB9, 0x8A, 0x97, 0x22, 0x20, 0x01, 0x00, 0x10, 0x01,
    0x00, 0x10, 0x11, 0x00, 0x00, 0x00, 0x00, 0x00, 0x00, 0x00, 0x00, 0x01,
    0x11, 0x22, 0x23, 0x22, 0x45, 0x55, 0x99, 0x89, 0x87, 0x98, 0x69, 0x86,
    0x98, 0x6A, 0x97, 0x99, 0x89, 0x87, 0x97, 0x69, 0x75, 0x97, 0x69, 0x75,
    0x88, 0x79, 0x99, 0x86, 0x5A, 0x86, 0xA8, 0x69, 0x86, 0xA9, 0x79, 0x99,
    0x98, 0x79, 0x86, 0x98, 0x6A, 0x86, 0xA9, 0x79, 0x98, 0xAA, 0x9A, 0x97,
    0xA9, 0x7B, 0xA8, 0xB9, 0x8A, 0x98, 0xAA, 0xAA, 0x98, 0x98, 0x7A, 0x97,
    0xA9, 0x8A, 0x97, 0x99, 0x9A, 0x99, 0xA8, 0x6A, 0x87, 0x98, 0x6A, 0x76,
    0xA8, 0x6B, 0xBB, 0xBA, 0x9B, 0x97, 0xCA, 0x8B, 0x98, 0xB9, 0x7B, 0xBA,
    0xEE, 0xEA, 0x98, 0xB9, 0x7A, 0x87, 0xA9, 0x7B, 0xA8, 0xCC, 0xCE, 0xEE,
    0x99, 0x89, 0x86, 0x98, 0x6A, 0x87, 0xA9, 0x79, 0x87, 0x99, 0x99, 0x98,
    0xA8, 0x79, 0x86, 0x87, 0x6A, 0x87, 0xA9, 0x79, 0x99, 0x99, 0x8A, 0x97,
    0xA8, 0x6A, 0x86, 0xA8, 0x6A, 0x87, 0x99, 0x9A, 0x97, 0xA8, 0x6A, 0x86,
    0xA8, 0x69, 0x76, 0x98, 0x8A, 0x99, 0xA9, 0x6A, 0x97, 0xA8, 0x6A, 0x86,
    0xA8, 0x79, 0x99, 0xA9, 0x7A, 0x96, 0xB9, 0x7B, 0x97, 0xBA, 0x8A, 0x98,
    0x99, 0x8B, 0xA8, 0xCA, 0x8B, 0xA8, 0xBA, 0x8B, 0xA8, 0x99, 0x8A, 0x98,
    0xBA, 0x8B, 0x98, 0xBA, 0x8B, 0xA8, 0x99, 0x89, 0x88, 0xB9, 0x79, 0x87,
    0x11, 0x10, 0x01, 0x00, 0x10, 0x01, 0x00, 0x10, 0x01, 0x00, 0x00, 0x00,
    0x00, 0x00, 0x00, 0x00, 0x10, 0x01, 0x11, 0x22, 0x23, 0x22, 0x45, 0x56,
    0x99, 0x8A, 0x98, 0xA9, 0x8A, 0x97, 0xA9, 0x7A, 0x87, 0x99, 0x89, 0x87,
    0x97, 0x69, 0x75, 0xA8, 0x69, 0x75, 0x88, 0x7A, 0xA9, 0xA9, 0x8A, 0x97,
    0xA9, 0x7A, 0x86, 0xA8, 0x79, 0x99, 0x99, 0x79, 0x86, 0x98, 0x7A, 0x97,
    0xBA, 0x89, 0x98, 0xAA, 0x9B, 0x98, 0xBA, 0x8B, 0xA8, 0xBA, 0x8A, 0x98,
    0xAA, 0xAA, 0x98, 0xA9, 0x7A, 0x97, 0xB9, 0x7A, 0x87, 0x99, 0x99, 0x98,
    0x98, 0x69, 0x86, 0x98, 0x69, 0x75, 0x87, 0x6E, 0xEE, 0xBA, 0x99, 0x76,
    0xA8, 0x7A, 0x86, 0x98, 0x6B, 0xBA, 0xEE, 0xEB, 0x98, 0xA9, 0x7A, 0x97,
    0xA9, 0x7A, 0x87, 0xCD, 0xCD, 0xDD, 0x99, 0x8A, 0x97, 0xA9, 0x7A, 0x86,
    0x98, 0x69, 0x86, 0x99, 0x99, 0x88, 0x98, 0x6A, 0x87, 0xA8, 0x7A, 0x86,
    0x98, 0x69, 0x99, 0x98, 0x89, 0x86, 0xA8, 0x6A, 0x86, 0xB9, 0x6A, 0x97,
    0x99, 0x99, 0x87, 0x98, 0x5A, 0x86, 0xA8, 0x6A, 0x86, 0x99, 0x89, 0x99,
    0xA8, 0x6A, 0x86, 0xB9, 0x7B, 0x97, 0xA9, 0x79, 0x99, 0x98, 0x7A, 0x86,
    0xB9, 0x7B, 0x97, 0xBA, 0x8A, 0x98, 0x99, 0x8B, 0xA8, 0xBA, 0x8B, 0xA8,
    0xB9, 0x7A, 0x98, 0x99, 0x8A, 0x98, 0xB9, 0x8A, 0x97, 0xA9, 0x7B, 0xA8,
    0x99, 0x89, 0x98, 0xCB, 0x98, 0x87, 0x00, 0x00, 0x01, 0x00, 0x11, 0x12,
    0x11, 0x21, 0x12, 0x00, 0x00, 0x00, 0x00, 0x00, 0x00, 0x00, 0x10, 0x01,
    0x12, 0x22, 0x24, 0x33, 0x44, 0x46, 0x89, 0x8A, 0x98, 0xBA, 0x8A, 0x97,
    0xA9, 0x7A, 0x97, 0x99, 0x89, 0x98, 0x98, 0x69, 0x86, 0xA8, 0x69, 0x75,
    0x98, 0x7A, 0xA9, 0xA9, 0x89, 0x76, 0xA8, 0x7A, 0x86, 0xA8, 0x79, 0x99,
    0x99, 0x7A, 0x87, 0x98, 0x69, 0x87, 0xA9, 0x79, 0x98, 0xAA, 0x9B, 0x98,
    0xBA, 0x8B, 0xA8, 0xBA, 0x89, 0x98, 0xAA, 0xAA, 0x98, 0x98, 0x6A, 0x87,
    0xA9, 0x79, 0x86, 0x99, 0x9A, 0x98, 0xBA, 0x9D, 0xDC, 0xB9, 0x7A, 0x86,
    0x98, 0x7E, 0xEE, 0xBA, 0x9A, 0x86, 0xA8, 0x6A, 0x86, 0x98, 0x6B, 0xBA,
    0xEE, 0xEA, 0x97, 0xB9, 0x7B, 0x97, 0xA8, 0x69, 0x86, 0xDD, 0xDD, 0xDC,
    0x99, 0x86, 0x54, 0x32, 0x27, 0x64, 0x87, 0x59, 0x76, 0x99, 0x99, 0x88,
    0x98, 0x69, 0x75, 0x98, 0x6A, 0x86, 0xA8, 0x69, 0x99, 0x98, 0x89, 0x85,
    0xA8, 0x6A, 0x86, 0xA8, 0x6A, 0x87, 0x99, 0x99, 0x87, 0xA8, 0x6A, 0x86,
    0x87, 0x5A, 0x86, 0x98, 0x79, 0x99, 0x97, 0x59, 0x75, 0xA8, 0x6A, 0x87,
    0xA8, 0x69, 0x99, 0xA9, 0x7A, 0x86, 0xA8, 0x6A, 0x97, 0xB9, 0x79, 0x98,
    0x99, 0x8B, 0x98, 0xA8, 0x7A, 0x86, 0xA8, 0x7A, 0x87, 0x99, 0x89, 0x87,
    0xA8, 0x7A, 0x98, 0xBA, 0x9C, 0xB9, 0x98, 0x89, 0x99, 0xDC, 0xAB, 0xB9,
    0x11, 0x10, 0x01, 0x01, 0x11, 0x12, 0x22, 0x31, 0x12, 0x00, 0x00, 0x00,
    0x00, 0x00, 0x01, 0x00, 0x11, 0x12, 0x11, 0x22, 0x24, 0x22, 0x43, 0x45,
    0x88, 0x8C, 0xBA, 0xCB, 0xAB, 0xA9, 0xCB, 0xAC, 0xBA, 0x99, 0x9B, 0xA9,
    0xCB, 0x9B, 0xB9, 0xBA, 0x9B, 0xB9, 0xAA, 0x9A, 0x99, 0xCB, 0x9B, 0xA9,
    0xBA, 0x9B, 0xB9, 0xBA, 0x99, 0x99, 0xBB, 0x9C, 0xB9, 0xCA, 0x9C, 0xB9,
    0xAA, 0x79, 0x98, 0xAA, 0x9C, 0xA9, 0xCB, 0x9C, 0xB9, 0xCB, 0x9A, 0xA9,
    0xAA, 0x9A, 0x98, 0xB9, 0x89, 0x87, 0xB9, 0x8A, 0x87, 0x99, 0x9A, 0x98,
    0xA8, 0x7A, 0x98, 0x98, 0x6A, 0x86, 0x98, 0x7E, 0xEE, 0xBA, 0x99, 0x75,
    0xA8, 0x6A, 0x97, 0x87, 0x5B, 0xBB, 0xEE, 0xD9, 0x86, 0xA8, 0x6B, 0x97,
    0xA8, 0x69, 0x76, 0xDD, 0xDC, 0xCB, 0x88, 0x84, 0x43, 0x44, 0x38, 0x65,
    0x87, 0x59, 0x76, 0x99, 0x88, 0x88, 0xA8, 0x6A, 0x97, 0xA8, 0x7A, 0x86,
    0xA8, 0x69, 0x99, 0x98, 0x8A, 0x86, 0xA8, 0x6A, 0x86, 0xA8, 0x6A, 0x87,
    0x99, 0x99, 0x87, 0xA8, 0x6A, 0x86, 0xA8, 0x69, 0x86, 0x88, 0x79, 0x99,
    0x97, 0x59, 0x76, 0x97, 0x69, 0x76, 0x98, 0x69, 0x99, 0x98, 0x7A, 0x86,
    0xA8, 0x7A, 0x86, 0xA9, 0x7A, 0x98, 0x99, 0x8A, 0x97, 0xB9, 0x8B, 0x97,
    0xA9, 0x7A, 0x87, 0x88, 0x89, 0x86, 0xA9, 0x7A, 0x97, 0xCB, 0x9C, 0xBA,
    0x99, 0x89, 0x98, 0xCB, 0x9C, 0xB9, 0x55, 0x40, 0x01, 0x01, 0x11, 0x12,
    0x11, 0x20, 0x11, 0x00, 0x04, 0x44, 0x00, 0x10, 0x01, 0x00, 0x11, 0x12,
    0x11, 0x20, 0x01, 0x11, 0x23, 0x46, 0x77, 0x8A, 0xA9, 0xA9, 0x8A, 0xA8,
    0xAA, 0x9A, 0x87, 0x99, 0x8A, 0x98, 0xBA, 0x9B, 0xA8, 0xBA, 0x8B, 0xA9,
    0xA9, 0x9A, 0xA9, 0xCB, 0x9C, 0xB9, 0xCB, 0x9C, 0xB9, 0xBA, 0x89, 0x99,
    0xBB, 0x9C, 0xB9, 0xCB, 0xAC, 0xB9, 0xA9, 0x7A, 0x99, 0xAA, 0xAD, 0xCA,
    0xCB, 0x9B, 0xA9, 0xCB, 0x9A, 0xA9, 0xAA, 0x9B, 0xA9, 0xBA, 0x8A, 0x98,
    0xA9, 0x7A, 0x87, 0xCC, 0xCB, 0xAA, 0x76, 0x58, 0x75, 0x97, 0x59, 0x75,
    0x98, 0x7E, 0xFF, 0x98, 0x76, 0x53, 0x87, 0x58, 0x65, 0x86, 0x5B, 0xCB,
    0xDD, 0xD9, 0x76, 0x97, 0x69, 0x75, 0x97, 0x69, 0x87, 0xDE, 0xE9, 0xA9,
    0x89, 0x88, 0x76, 0xA8, 0x6A, 0x86, 0xA8, 0x6A, 0x86, 0x99, 0x99, 0x98,
    0xA8, 0x6B, 0x97, 0xA8, 0x6A, 0x97, 0xA8, 0x69, 0x98, 0x98, 0x8A, 0x86,
    0xA8, 0x5A, 0x86, 0xA8, 0x69, 0x86, 0x99, 0x9A, 0x87, 0xB8, 0x6A, 0x86,
    0xB9, 0x6B, 0x97, 0xA9, 0x89, 0x99, 0xA8, 0x6B, 0x97, 0x98, 0x6A, 0x86,
    0xA8, 0x69, 0x99, 0x98, 0x7A, 0x86, 0xA8, 0x69, 0x76, 0xA8, 0x69, 0x97,
    0x99, 0x89, 0x86, 0xA8, 0x6B, 0x97, 0xA9, 0x7A, 0x86, 0x98, 0x89, 0x87,
    0xA8, 0x6B, 0xA8, 0xCC, 0xAC, 0xB9, 0x99, 0x89, 0x98, 0xCB, 0x9B, 0xA9,
    0xBA, 0x96, 0x65, 0x22, 0x21, 0x12, 0x12, 0x24, 0x44, 0x88, 0x77, 0x76,
    0x00, 0x00, 0x01, 0x00, 0x11, 0x12, 0x12, 0x32, 0x23, 0x33, 0x53, 0x35,
    0x77, 0x7A, 0xA8, 0xA9, 0x8A, 0x98, 0xBA, 0x9A, 0x87, 0x99, 0x89, 0x98,
    0xBA, 0x9A, 0x98, 0xBA, 0x8B, 0xA8, 0x99, 0x89, 0x99, 0xBA, 0x8B, 0xA8,
    0xBA, 0x8B, 0xA8, 0xAA, 0x89, 0x99, 0xBA, 0x9C, 0xB9, 0xBB, 0x9B, 0xA8,
    0x99, 0x7A, 0x99, 0xAA, 0x9B, 0xB9, 0xAA, 0x8B, 0xA9, 0xCB, 0x9A, 0xA9,
    0xAA, 0xAB, 0xB9, 0xBA, 0x9A, 0x97, 0xA9, 0x7A, 0x87, 0xDD, 0xDC, 0xBB,
    0x97, 0x68, 0x75, 0x97, 0x58, 0x75, 0x87, 0x6E, 0xFF, 0x97, 0x67, 0x64,
    0x76, 0x48, 0x65, 0x86, 0x5C, 0xCB, 0xDD, 0xC8, 0x75, 0x97, 0x58, 0x75,
    0x97, 0x69, 0x87, 0xDE, 0xEA, 0xA9, 0x89, 0x89, 0x86, 0xA9, 0x6A, 0x96,
    0xA8, 0x6A, 0x86, 0xAA, 0x9A, 0xAA, 0xA9, 0x7A, 0x86, 0xA8, 0x6A, 0x86,
    0x98, 0x69, 0x88, 0x98, 0x8A, 0x86, 0xA8, 0x57, 0x53, 0x75, 0x48, 0x76,
    0x99, 0x9A, 0x97, 0xB9, 0x7A, 0x87, 0xA8, 0x78, 0x76, 0xA9, 0x89, 0x99,
    0x87, 0x59, 0x76, 0x87, 0x58, 0x75, 0x97, 0x69, 0x99, 0x99, 0x7B, 0x97,
    0xA8, 0x69, 0x86, 0xA8, 0x69, 0x97, 0x99, 0x89, 0x86, 0xA8, 0x69, 0x86,
    0xA8, 0x6A, 0x87, 0x88, 0x8A, 0x97, 0xB9, 0x7B, 0xA8, 0xBB, 0x9B, 0xB9,
    0x99, 0x89, 0x88, 0xBA, 0x9B, 0xA9, 0xCB, 0x9C, 0xBA, 0xA9, 0x97, 0x77,
    0x99, 0x8B, 0xA9, 0xBA, 0x96, 0x55, 0x00, 0x11, 0x11, 0x11, 0x11, 0x12,
    0x11, 0x21, 0x12, 0x22, 0x32, 0x24, 0x77, 0x7B, 0xA9, 0xAA, 0x8A, 0xA8,
    0xAA, 0x9A, 0x87, 0x99, 0x89, 0x88, 0xBA, 0x9B, 0xA9, 0xBA, 0x8B, 0xA8,
    0x99, 0x99, 0x99, 0xBA, 0x9B, 0xA8, 0xBA, 0x8B, 0xA8, 0xAA, 0x89, 0x99,
    0xBB, 0x9C, 0xB9, 0xCB, 0x9A, 0xA8, 0xA9, 0x7A, 0x99, 0xAA, 0x9B, 0xB9,
    0xCB, 0x9C, 0xB9, 0xCB, 0x9A, 0xA9, 0x9A, 0x9B, 0xB9, 0xCB, 0xAB, 0xA9,
    0x97, 0x68, 0x76, 0xDD, 0xDC, 0xBB, 0xA8, 0x79, 0x86, 0x98, 0x6A, 0x86,
    0xA9, 0x8E, 0xEE, 0xA8, 0x79, 0x86, 0x87, 0x58, 0x75, 0x87, 0x5C, 0xCC,
    0xDD, 0xC8, 0x75, 0x98, 0x6A, 0x86, 0x97, 0x59, 0x87, 0xDE, 0xEB, 0xBA,
    0x88, 0x88, 0x75, 0xA8, 0x6A, 0x86, 0x87, 0x58, 0x75, 0xAA, 0x9B, 0xBA,
    0xA8, 0x6A, 0x86, 0xB9, 0x7B, 0x97, 0xA8, 0x69, 0x98, 0x98, 0x8B, 0x97,
    0xA8, 0x59, 0x76, 0xA8, 0x69, 0x86, 0x99, 0x99, 0x87, 0x97, 0x59, 0x86,
    0x87, 0x68, 0x75, 0x98, 0x79, 0x99, 0x98, 0x69, 0x75, 0x97, 0x58, 0x65,
    0x86, 0x59, 0x99, 0x87, 0x69, 0x86, 0x98, 0x6B, 0x96, 0xDA, 0x7A, 0x98,
    0x99, 0x8A, 0x87, 0xB9, 0x7A, 0x86, 0xA8, 0x6A, 0x86, 0x88, 0x8A, 0x87,
    0xB9, 0x7B, 0xA8, 0xBA, 0x9A, 0x98, 0x99, 0x88, 0x88, 0xBB, 0x9B, 0xA9,
    0xBA, 0x9B, 0xA9, 0xBA, 0x98, 0x87, 0xA9, 0x8A, 0xA8, 0xBA, 0x95, 0x54,
    0x00, 0x10, 0x00, 0x00, 0x10, 0x01, 0x00, 0x00, 0x01, 0x11, 0x21, 0x23,
    0x77, 0x7B, 0xB9, 0xBA, 0x9A, 0xA9, 0xBB, 0x9A, 0x98, 0x99, 0x89, 0x87,
    0xBA, 0x8B, 0xA9, 0xBA, 0x9B, 0xA9, 0xAA, 0x9A, 0xA9, 0xCB, 0xAC, 0xCA,
    0xCB, 0x9B, 0xB9, 0xAA, 0x99, 0x99, 0xA9, 0x8B, 0xA9, 0xCB, 0xAA, 0x98,
    0xAA, 0x89, 0x99, 0xAA, 0x9C, 0xB9, 0xCB, 0x9C, 0xBA, 0xCB, 0x9A, 0xA9,
    0x9A, 0x9B, 0xA9, 0xCC, 0xAC, 0xCA, 0xA9, 0x79, 0x87, 0xDE, 0xDB, 0xAA,
    0x87, 0x58, 0x76, 0x98, 0x69, 0x86, 0xA9, 0x8E, 0xEE, 0x98, 0x7A, 0x86,
    0x87, 0x59, 0x75, 0x97, 0x6C, 0xCC, 0xCC, 0xC9, 0x75, 0xA9, 0x79, 0x86,
    0xA8, 0x6A, 0x87, 0xEE, 0xEB, 0xA9, 0x99, 0x95, 0x54, 0x75, 0x48, 0x75,
    0x76, 0x58, 0x65, 0xAA, 0x9B, 0xBB, 0xA8, 0x6A, 0x86, 0xB9, 0x6B, 0x96,
    0xB9, 0x69, 0x98, 0x98, 0x8C, 0xA7, 0xB9, 0x7B, 0x97, 0xB9, 0x7B, 0x97,
    0x99, 0x9A, 0x97, 0xB9, 0x7A, 0x97, 0xA9, 0x78, 0x75, 0x98, 0x79, 0x99,
    0xA9, 0x7A, 0x96, 0xB9, 0x6A, 0x97, 0xA9, 0x69, 0x99, 0x76, 0x57, 0x53,
    0x76, 0x49, 0x75, 0xB9, 0x69, 0x87, 0x98, 0x8B, 0x97, 0xB9, 0x6A, 0x86,
    0x98, 0x6A, 0x97, 0x88, 0x89, 0x86, 0xA8, 0x6B, 0xB9, 0xBB, 0x9B, 0xA8,
    0x99, 0x88, 0x88, 0xBB, 0x9B, 0xB9, 0xBB, 0x9B, 0xA8, 0xA9, 0x87, 0x77,
    0xA9, 0x8A, 0xA8, 0xBA, 0x95, 0x55, 0x00, 0x10, 0x01, 0x00, 0x00, 0x00,
    0x11, 0x22, 0x23, 0x11, 0x22, 0x34, 0x89, 0x8C, 0xB9, 0xCB, 0x9B, 0xA9,
    0xBB, 0x9A, 0x98, 0x99, 0x89, 0x87, 0xBA, 0x8B, 0xA9, 0xBA, 0x9B, 0xB9,
    0x99, 0x9A, 0xA9, 0xCC, 0xAC, 0xCA, 0xCB, 0xAB, 0xA9, 0xAA, 0x99, 0x99,
    0xAA, 0x8A, 0x98, 0xBA, 0x99, 0x97, 0xBA, 0x89, 0x99, 0xAA, 0x9B, 0xB9,
    0xAA, 0x8B, 0xA9, 0xBA, 0x89, 0x98, 0xBB, 0xAB, 0xB9, 0xBB, 0x9C, 0xB9,
    0xBA, 0x88, 0x76, 0xEE, 0xEA, 0x99, 0x86, 0x59, 0x86, 0x97, 0x69, 0x75,
    0xA9, 0x8E, 0xEE, 0xA8, 0x79, 0x86, 0xA8, 0x6A, 0x86, 0x98, 0x6C, 0xDC,
    0xDC, 0xCA, 0x86, 0xB9, 0x7A, 0x86, 0xA8, 0x69, 0x87, 0xEE, 0xEA, 0xA9,
    0x89, 0x95, 0x43, 0x65, 0x38, 0x65, 0x97, 0x6A, 0x86, 0xAA, 0x9B, 0xBB,
    0x86, 0x58, 0x65, 0x87, 0x5A, 0x86, 0xA9, 0x69, 0x98, 0x88, 0x8B, 0x97,
    0xB9, 0x6A, 0x86, 0xA8, 0x6A, 0x86, 0x99, 0x9A, 0x98, 0xB9, 0x7B, 0xA7,
    0xA8, 0x7A, 0x86, 0xA9, 0x89, 0x98, 0x98, 0x6B, 0x97, 0xB9, 0x7B, 0x97,
    0xBA, 0x79, 0x99, 0xA9, 0x7A, 0x86, 0xA8, 0x6A, 0x86, 0xA8, 0x69, 0x87,
    0x88, 0x89, 0x76, 0xA8, 0x6A, 0x86, 0xA8, 0x69, 0x86, 0x88, 0x89, 0x87,
    0xA9, 0x7C, 0xA9, 0xBA, 0x9B, 0xA9, 0x99, 0x88, 0x87, 0xCB, 0x9C, 0xB9,
    0xBB, 0x9B, 0xA9, 0xAA, 0x97, 0x77, 0xA9, 0x8B, 0xA9, 0xCB, 0x96, 0x65,
    0x00, 0x00, 0x01, 0x00, 0x11, 0x13, 0x22, 0x41, 0x12, 0x22, 0x34, 0x45,
    0x99, 0x9B, 0xB9, 0xBB, 0x9B, 0xA9, 0xBB, 0x9B, 0xA8, 0x99, 0x89, 0x87,
    0xB9, 0x8C, 0xB9, 0xBA, 0x9B, 0xA8, 0x99, 0x9A, 0xA9, 0xCB, 0xAD, 0xCB,
    0xCC, 0xBC, 0xCA, 0xAA, 0x89, 0x99, 0xBA, 0x8A, 0xA8, 0xAA, 0x88, 0x86,
    0xAA, 0x89, 0x99, 0xAA, 0x9A, 0xA8, 0xA9, 0x8B, 0xA9, 0xA9, 0x8A, 0xAA,
    0xEE, 0xEC, 0xBA, 0xBA, 0x8C, 0xB9, 0xBA, 0x99, 0x87, 0xEE, 0xEB, 0xA9,
    0x98, 0x69, 0x86, 0xA8, 0x6A, 0x86, 0xAA, 0x9E, 0xEE, 0xA9, 0x7A, 0x86,
    0xA8, 0x6A, 0x86, 0xA8, 0x6D, 0xDD, 0xDC, 0xBA, 0x86, 0xA8, 0x6A, 0x97,
    0xA9, 0x79, 0x87, 0xEE, 0xEB, 0xA9, 0x89, 0x95, 0x54, 0x64, 0x37, 0x64,
    0x86, 0x57, 0x54, 0x88, 0x8B, 0xBB, 0x44, 0x34, 0x32, 0x54, 0x38, 0x75,
    0xA8, 0x69, 0x98, 0x88, 0x8B, 0x97, 0xB9, 0x6B, 0x96, 0xB9, 0x7B, 0x97,
    0x99, 0x99, 0x87, 0xB9, 0x7A, 0x96, 0xA9, 0x7A, 0x86, 0x98, 0x79, 0x99,
    0x98, 0x6A, 0x86, 0xA8, 0x6A, 0x86, 0xB9, 0x79, 0x99, 0xA9, 0x8B, 0x97,
    0xA9, 0x6B, 0x97, 0xB9, 0x79, 0x97, 0x88, 0x89, 0x75, 0x97, 0x59, 0x75,
    0xA8, 0x68, 0x75, 0x77, 0x7A, 0x97, 0xA8, 0x6A, 0x86, 0xA9, 0x7C, 0xB9,
    0x98, 0x88, 0x87, 0xBA, 0x9B, 0xA9, 0xBA, 0x9B, 0xA9, 0xA9, 0x87, 0x77,
    0xA9, 0x8B, 0xA9, 0xCB, 0x96, 0x66, 0x00, 0x00, 0x01, 0x11, 0x22, 0x23,
    0x11, 0x21, 0x12, 0x23, 0x44, 0x45, 0x99, 0x9B, 0xA9, 0xBB, 0x9B, 0xA9,
    0xBA, 0x9B, 0xA8, 0x99, 0x99, 0x87, 0xB9, 0x8C, 0xB9, 0xCB, 0x9C, 0xA9,
    0xA9, 0x9A, 0x99, 0xCB, 0x9C, 0xCA, 0xCC, 0xBD, 0xCB, 0xAA, 0x89, 0x99,
    0xBA, 0x8B, 0xA8, 0xBA, 0x98, 0x86, 0xA9, 0x89, 0x99, 0xAA, 0x9B, 0xA9,
    0xBA, 0x9B, 0xA9, 0xAA, 0x8B, 0xBA, 0xEE, 0xED, 0xCB, 0xBA, 0x9B, 0xA8,
    0xCC, 0xAA, 0xA9, 0xEE, 0xEB, 0xA9, 0x97, 0x57, 0x65, 0x97, 0x59, 0x75,
    0xAA, 0x9E, 0xEE, 0x98, 0x69, 0x76, 0x98, 0x69, 0x86, 0x98, 0x6D, 0xDD,
    0xCC, 0xBA, 0x86, 0xB8, 0x6A, 0x86, 0x98, 0x69, 0x87, 0xEE, 0xEB, 0x98,
    0x89, 0x93, 0x33, 0x21, 0x14, 0x32, 0x43, 0x22, 0x21, 0x67, 0x6A, 0xBA,
    0x54, 0x37, 0x54, 0x98, 0x6A, 0x97, 0xB9, 0x69, 0x98, 0x88, 0x8B, 0x97,
    0xB9, 0x7B, 0x96, 0xB9, 0x6B, 0x97, 0x99, 0x99, 0x87, 0xB8, 0x6A, 0x86,
    0x98, 0x6A, 0x86, 0x98, 0x79, 0x99, 0xA8, 0x6A, 0x86, 0xA8, 0x6A, 0x86,
    0xB9, 0x79, 0x99, 0x98, 0x7B, 0x97, 0xCA, 0x7C, 0xA8, 0xB9, 0x7A, 0x87,
    0x88, 0x8B, 0x97, 0xC9, 0x7A, 0x86, 0x97, 0x59, 0x86, 0x77, 0x78, 0x76,
    0x98, 0x6A, 0x86, 0xA8, 0x69, 0x85, 0x87, 0x67, 0x77, 0xB9, 0x8B, 0xA8,
    0xBA, 0x9B, 0xA9, 0xA9, 0x86, 0x76, 0xAA, 0x8C, 0xB9, 0xCB, 0x97, 0x76,
    0x00, 0x01, 0x11, 0x11, 0x21, 0x23, 0x22, 0x32, 0x34, 0x22, 0x45, 0x55,
    0x99, 0x9B, 0xB9, 0xBB, 0x9B, 0xA9, 0xCB, 0xAB, 0xA9, 0x99, 0x99, 0x87,
    0xB9, 0x7D, 0xCA, 0xCB, 0x9B, 0xA8, 0x99, 0x9A, 0x99, 0xB9, 0x6A, 0x87,
    0xBA, 0x8B, 0xA8, 0xA9, 0x89, 0x99, 0xBA, 0x9B, 0xA8, 0xBA, 0x99, 0x96,
    0xBA, 0x99, 0x99, 0xAA, 0x9C, 0xB9, 0xCB, 0x9B, 0xB9, 0xBB, 0x9B, 0xBA,
    0xEE, 0xEC, 0xCA, 0xCB, 0xA9, 0x97, 0xBA, 0x8A, 0x98, 0xEE, 0xEB, 0xA9,
    0x97, 0x58, 0x76, 0x98, 0x6A, 0x86, 0xCB, 0xAE, 0xEE, 0x98, 0x69, 0x86,
    0xA8, 0x6A, 0x97, 0x98, 0x6D, 0xDD, 0xCB, 0xB9, 0x76, 0xA8, 0x68, 0x75,
    0x87, 0x5A, 0x98, 0xEE, 0xEA, 0x98, 0x88, 0x83, 0x32, 0x00, 0x01, 0x10,
    0x11, 0x01, 0x00, 0x55, 0x59, 0xA9, 0x86, 0x59, 0x75, 0xA8, 0x6A, 0x96,
    0xA8, 0x69, 0x87, 0x77, 0x79, 0x86, 0xA8, 0x6B, 0x97, 0xB9, 0x6B, 0x97,
    0x99, 0x99, 0x87, 0x97, 0x58, 0x65, 0x76, 0x47, 0x64, 0x66, 0x59, 0x98,
    0x76, 0x47, 0x64, 0x86, 0x57, 0x64, 0x76, 0x59, 0x98, 0x77, 0x66, 0x54,
    0x65, 0x47, 0x64, 0x76, 0x57, 0x76, 0x88, 0x79, 0x75, 0x86, 0x49, 0x76,
    0x87, 0x59, 0x76, 0x77, 0x78, 0x76, 0xA8, 0x6A, 0x87, 0xA8, 0x6A, 0x86,
    0x87, 0x67, 0x76, 0xB8, 0x6A, 0x87, 0xB9, 0x7A, 0x87, 0xA9, 0x76, 0x66,
    0x98, 0x7A, 0x97, 0xCA, 0x89, 0x87, 0x11, 0x11, 0x12, 0x01, 0x11, 0x11,
    0x11, 0x21, 0x12, 0x22, 0x36, 0x66, 0x99, 0x9C, 0xBA, 0xCC, 0xAD, 0xCA,
    0xDC, 0xBC, 0xBA, 0x99, 0x99, 0x87, 0xA8, 0x6A, 0x97, 0xB9, 0x8B, 0xA8,
    0x99, 0x8A, 0xA9, 0x98, 0x76, 0x54, 0xA9, 0x7C, 0xA8, 0xA9, 0x89, 0x99,
    0xA9, 0x8B, 0xA7, 0xBA, 0x8A, 0x97, 0xBA, 0x89, 0x98, 0xBA, 0x9D, 0xCA,
    0xCB, 0x9A, 0xA8, 0xA9, 0x7B, 0xBA, 0xEE, 0xDA, 0x87, 0xB9, 0x8A, 0x87,
    0xA8, 0x69, 0x87, 0xDE, 0xDA, 0x87, 0x97, 0x5A, 0x86, 0xA8, 0x6A, 0x85,
    0xAA, 0x9D, 0xDD, 0x98, 0x69, 0x76, 0x97, 0x69, 0x86, 0x98, 0x6D, 0xDD,
    0xCB, 0xAA, 0x86, 0x97, 0x5A, 0x86, 0x98, 0x6A, 0x98, 0xEE, 0xEA, 0x97,
    0x78, 0x83, 0x33, 0x00, 0x01, 0x00, 0x22, 0x14, 0x32, 0x77, 0x69, 0x99,
    0x65, 0x48, 0x64, 0x86, 0x4A, 0x86, 0xB9, 0x69, 0x87, 0x77, 0x7A, 0x86,
    0xA8, 0x68, 0x64, 0x76, 0x46, 0x54, 0x88, 0x86, 0x66, 0x33, 0x24, 0x32,
    0x21, 0x11, 0x00, 0x55, 0x49, 0x99, 0x43, 0x34, 0x32, 0x11, 0x11, 0x10,
    0x43, 0x38, 0x88, 0x76, 0x64, 0x32, 0x22, 0x12, 0x11, 0x43, 0x27, 0x76,
    0x78, 0x75, 0x43, 0x22, 0x13, 0x22, 0x43, 0x26, 0x65, 0x67, 0x75, 0x54,
    0x44, 0x27, 0x64, 0x86, 0x58, 0x65, 0x76, 0x66, 0x66, 0x76, 0x58, 0x65,
    0x97, 0x57, 0x65, 0x76, 0x46, 0x66, 0x55, 0x47, 0x54, 0x97, 0x56, 0x54,
    0x22, 0x21, 0x12, 0x00, 0x10, 0x01, 0x12, 0x31, 0x23, 0x22, 0x36, 0x66,
    0x99, 0x97, 0x65, 0x86, 0x57, 0x65, 0x76, 0x56, 0x65, 0x99, 0x94, 0x44,
    0x21, 0x12, 0x11, 0x32, 0x23, 0x32, 0x77, 0x77, 0x77, 0x33, 0x24, 0x33,
    0x65, 0x36, 0x54, 0x87, 0x69, 0x99, 0x76, 0x46, 0x53, 0x76, 0x49, 0x86,
    0x76, 0x5B, 0xBB, 0x99, 0x95, 0x43, 0x65, 0x46, 0x54, 0x33, 0x29, 0x98,
    0xCC, 0xC3, 0x22, 0x43, 0x27, 0x64, 0x87, 0x59, 0x87, 0xEE, 0xE9, 0x87,
    0x86, 0x4A, 0x86, 0xA8, 0x69, 0x75, 0xBA, 0xAE, 0xDD, 0xB9, 0x7A, 0x86,
    0xB9, 0x7A, 0x86, 0x98, 0x7D, 0xED, 0xBA, 0x98, 0x65, 0x97, 0x59, 0x75,
    0x97, 0x6A, 0x98, 0xEE, 0xEA, 0x97, 0x77, 0x75, 0x44, 0x65, 0x38, 0x65,
    0x98, 0x6A, 0x86, 0x98, 0x78, 0x88, 0x76, 0x58, 0x64, 0x75, 0x45, 0x43,
    0x54, 0x26, 0x66, 0x99, 0x94, 0x32, 0x43, 0x34, 0x32, 0x22, 0x11, 0x11,
    0x77, 0x88, 0x77, 0xA8, 0x69, 0x75, 0x54, 0x31, 0x11, 0x44, 0x39, 0x98,
    0x54, 0x36, 0x54, 0x43, 0x22, 0x11, 0x32, 0x28, 0x88, 0x77, 0x65, 0x43,
    0x32, 0x21, 0x11, 0x11, 0x15, 0x54, 0x77, 0x75, 0x43, 0x43, 0x32, 0x21,
    0x11, 0x13, 0x32, 0x66, 0x65, 0x54, 0x33, 0x23, 0x22, 0x33, 0x25, 0x43,
    0x55, 0x45, 0x55, 0x32, 0x23, 0x22, 0x44, 0x34, 0x33, 0x33, 0x35, 0x56,
    0x33, 0x22, 0x11, 0x21, 0x11, 0x00, 0x00, 0x11, 0x12, 0x33, 0x52, 0x23,
    0x12, 0x21, 0x12, 0x11, 0x24, 0x45, 0x99, 0x82, 0x11, 0x11, 0x01, 0x00,
    0x10, 0x02, 0x11, 0x99, 0x93, 0x33, 0x00, 0x01, 0x00, 0x11, 0x01, 0x00,
    0x77, 0x76, 0x66, 0x00, 0x01, 0x11, 0x10, 0x01, 0x00, 0x44, 0x49, 0x99,
    0x43, 0x36, 0x44, 0x54, 0x35, 0x43, 0x65, 0x4D, 0xDD, 0x88, 0x74, 0x32,
    0x43, 0x25, 0x43, 0x65, 0x4A, 0xA9, 0xCC, 0xC2, 0x21, 0x11, 0x14, 0x32,
    0x32, 0x25, 0x54, 0xEE, 0xE6, 0x55, 0x54, 0x36, 0x54, 0x86, 0x48, 0x64,
    0xBA, 0xAD, 0xDD, 0x98, 0x6A, 0x86, 0x87, 0x56, 0x54, 0x87, 0x6E, 0xEE,
    0x88, 0x76, 0x53, 0x75, 0x47, 0x65, 0x76, 0x4A, 0x98, 0xEE, 0xE9, 0x76,
    0x66, 0x77, 0x65, 0x86, 0x57, 0x64, 0x65, 0x45, 0x42, 0x44, 0x37, 0x78,
    0x44, 0x35, 0x43, 0x75, 0x46, 0x54, 0x54, 0x36, 0x66, 0xAB, 0xA5, 0x54,
    0x87, 0x59, 0x75, 0x65, 0x33, 0x22, 0x77, 0x75, 0x55, 0x11, 0x11, 0x10,
    0x00, 0x00, 0x00, 0x33, 0x38, 0x88, 0x11, 0x10, 0x00, 0x00, 0x01, 0x10,
    0x11, 0x07, 0x77, 0x55, 0x40, 0x00, 0x10, 0x01, 0x00, 0x10, 0x03, 0x33,
    0x67, 0x71, 0x11, 0x11, 0x01, 0x11, 0x11, 0x01, 0x11, 0x55, 0x62, 0x22,
    0x00, 0x01, 0x00, 0x00, 0x00, 0x00, 0x33, 0x34, 0x44, 0x11, 0x01, 0x10,
    0x00, 0x00, 0x00, 0x21, 0x15, 0x55, 0x22, 0x21, 0x00, 0x11, 0x11, 0x11,
    0x10, 0x10, 0x00, 0x01, 0x12, 0x34, 0x22, 0x42, 0x34, 0x23, 0x44, 0x44,
    0x88, 0x81, 0x11, 0x00, 0x00, 0x00, 0x10, 0x01, 0x11, 0x88, 0x83, 0x33,
    0x00, 0x01, 0x00, 0x00, 0x00, 0x00, 0x77, 0x66, 0x66, 0x00, 0x01, 0x10,
    0x11, 0x00, 0x00, 0x44, 0x38, 0x88, 0x11, 0x13, 0x22, 0x65, 0x46, 0x54,
    0x65, 0x4D, 0xDD, 0x88, 0x76, 0x54, 0x86, 0x58, 0x65, 0x65, 0x4A, 0xA9,
    0xCC, 0xC4, 0x33, 0x43, 0x27, 0x64, 0x86, 0x47, 0x76, 0xEE, 0xE6, 0x65,
    0x22, 0x11, 0x10, 0x22, 0x14, 0x32, 0xBA, 0xAC, 0xCC, 0x54, 0x36, 0x43,
    0x75, 0x46, 0x54, 0x76, 0x5D, 0xEE, 0xA9, 0x88, 0x75, 0x65, 0x35, 0x43,
    0x43, 0x29, 0x98, 0xDD, 0xD5, 0x43, 0x66, 0x63, 0x33, 0x22, 0x13, 0x32,
    0x65, 0x49, 0x75, 0x77, 0x66, 0x66, 0x33, 0x34, 0x32, 0x65, 0x45, 0x43,
    0x33, 0x25, 0x55, 0xAB, 0xB2, 0x22, 0x11, 0x00, 0x00, 0x00, 0x00, 0x00,
    0x77, 0x75, 0x55, 0x00, 0x00, 0x00, 0x00, 0x00, 0x00, 0x33, 0x37, 0x77,
    0x11, 0x11, 0x00, 0x11, 0x11, 0x11, 0x11, 0x16, 0x66, 0x44, 0x41, 0x10,
    0x11, 0x01, 0x00, 0x00, 0x03, 0x33, 0x56, 0x61, 0x11, 0x11, 0x11, 0x11,
    0x11, 0x01, 0x11, 0x45, 0x52, 0x22, 0x00, 0x00, 0x00, 0x10, 0x01, 0x00,
    0x33, 0x33, 0x34, 0x10, 0x01, 0x10, 0x11, 0x01, 0x00, 0x11, 0x14, 0x45,
    0x11, 0x11, 0x00, 0x11, 0x11, 0x11, 0x11, 0x10, 0x00, 0x00, 0x01, 0x12,
    0x33, 0x54, 0x46, 0x34, 0x63, 0x33, 0x77, 0x71, 0x00, 0x00, 0x00, 0x00,
    0x10, 0x01, 0x11, 0x78, 0x73, 0x33, 0x00, 0x01, 0x10, 0x11, 0x01, 0x00,
    0x66, 0x65, 0x55, 0x00, 0x01, 0x00, 0x10, 0x00, 0x00, 0x33, 0x3A, 0xAA,
    0x11, 0x10, 0x00, 0x00, 0x00, 0x00, 0x32, 0x2D, 0xDD, 0x88, 0x76, 0x43,
    0x54, 0x36, 0x43, 0x75, 0x4B, 0xBA, 0xCC, 0xC7, 0x54, 0x86, 0x57, 0x64,
    0x54, 0x36, 0x65, 0xEE, 0xE7, 0x65, 0x65, 0x36, 0x54, 0x33, 0x20, 0x00,
    0xAA, 0xAA, 0xBA, 0x11, 0x02, 0x11, 0x32, 0x25, 0x33, 0x76, 0x5D, 0xEE,
    0x87, 0x68, 0x74, 0xA8, 0x66, 0x43, 0x43, 0x29, 0x99, 0xDD, 0xD3, 0x32,
    0x55, 0x63, 0x33, 0x10, 0x01, 0x11, 0x22, 0x12, 0x11, 0x22, 0x25, 0x56,
    0x22, 0x20, 0x00, 0x00, 0x00, 0x00, 0x00, 0x03, 0x44, 0xBB, 0xB3, 0x32,
    0x00, 0x00, 0x00, 0x00, 0x00, 0x00, 0x66, 0x64, 0x44, 0x00, 0x00, 0x00,
    0x00, 0x01, 0x00, 0x22, 0x25, 0x56, 0x11, 0x11, 0x10, 0x11, 0x11, 0x10,
    0x11, 0x14, 0x45, 0x33, 0x31, 0x00, 0x11, 0x00, 0x00, 0x10, 0x02, 0x22,
    0x44, 0x41, 0x11, 0x11, 0x11, 0x11, 0x00, 0x01, 0x11, 0x33, 0x42, 0x22,
    0x11, 0x11, 0x11, 0x11, 0x11, 0x11, 0x22, 0x22, 0x23, 0x11, 0x12, 0x11,
    0x11, 0x11, 0x11, 0x11, 0x13, 0x34, 0x11, 0x11, 0x11, 0x11, 0x11, 0x00,
    0x00, 0x00, 0x00, 0x01, 0x13, 0x34, 0x23, 0x42, 0x34, 0x11, 0x21, 0x11,
    0x34, 0x40, 0x00, 0x00, 0x00, 0x00, 0x00, 0x01, 0x11, 0x44, 0x42, 0x22,
    0x11, 0x01, 0x11, 0x11, 0x11, 0x11, 0x44, 0x44, 0x44, 0x11, 0x11, 0x11,
    0x11, 0x11, 0x11, 0x55, 0x5C, 0xCC, 0x33, 0x32, 0x22, 0x21, 0x11, 0x11,
    0x22, 0x2D, 0xDC, 0x66, 0x51, 0x11, 0x32, 0x24, 0x32, 0x65, 0x4A, 0xAA,
    0xBB, 0xB6, 0x54, 0x54, 0x36, 0x43, 0x75, 0x48, 0x87, 0xDD, 0xD5, 0x54,
    0x32, 0x27, 0x64, 0x76, 0x55, 0x43, 0xAA, 0xAB, 0xBB, 0x43, 0x31, 0x10,
    0x21, 0x12, 0x11, 0x44, 0x4D, 0xDD, 0x98, 0x68, 0x64, 0x86, 0x48, 0x64,
    0x43, 0x29, 0x98, 0xCC, 0xC5, 0x43, 0x33, 0x43, 0x33, 0x11, 0x12, 0x21,
    0x21, 0x11, 0x11, 0x11, 0x12, 0x22, 0x22, 0x21, 0x11, 0x11, 0x11, 0x11,
    0x11, 0x14, 0x44, 0x99, 0x94, 0x44, 0x43, 0x35, 0x54, 0x65, 0x56, 0x65,
    0x77, 0x65, 0x55, 0x44, 0x35, 0x43, 0x33, 0x32, 0x22, 0x22, 0x22, 0x22,
    0x11, 0x11, 0x11, 0x11, 0x11, 0x11, 0x11, 0x11, 0x12, 0x11, 0x11, 0x11,
    0x11, 0x11, 0x11, 0x11, 0x11, 0x11, 0x11, 0x11, 0x11, 0x11, 0x11, 0x11,
    0x11, 0x11, 0x11, 0x11, 0x11, 0x12, 0x11, 0x11, 0x11, 0x11, 0x11, 0x11,
    0x11, 0x11, 0x11, 0x11, 0x11, 0x11, 0x11, 0x11, 0x11, 0x11, 0x11, 0x11,
    0x11, 0x11, 0x11, 0x11, 0x11, 0x11, 0x11, 0x21, 0x23, 0x11, 0x22, 0x23,
    0x22, 0x35, 0x55, 0x66, 0x66, 0x65, 0x66, 0x56, 0x65, 0x66, 0x57, 0x66,
    0x76, 0x67, 0x76, 0x87, 0x78, 0x87, 0x98, 0x79, 0x87, 0x99, 0x8A, 0x98,
    0xA9, 0x89, 0x98, 0x98, 0x78, 0x76, 0x88, 0x6A, 0x98, 0xBA, 0x9A, 0x98,
    0xA9, 0x8B, 0xA9, 0xBA, 0x99, 0x98, 0x98, 0x7A, 0xA9, 0x99, 0x8A, 0xA8,
    0xBB, 0x9B, 0xBA, 0xBA, 0x9B, 0xBA, 0xCC, 0xBB, 0xB9, 0xA9, 0x89, 0x87,
    0xA9, 0x8A, 0x98, 0xCB, 0xAC, 0xBA, 0xCB, 0x9B, 0xA9, 0xAA, 0x9B, 0xB9,
    0xCC, 0xBD, 0xDC, 0xCC, 0xAB, 0xB9, 0xAA, 0x8B, 0xA9, 0xBB, 0xAD, 0xDC,
    0xAA, 0x9A, 0x98, 0xA9, 0x8A, 0xA8, 0xBB, 0x9C, 0xCB, 0xCC, 0xC8, 0x87,
    0x11, 0x11, 0x11, 0x22, 0x22, 0x22, 0x12, 0x21, 0x11, 0x11, 0x11, 0x11,
    0x11, 0x12, 0x22, 0x22, 0x22, 0x22, 0x11, 0x11, 0x11, 0x11, 0x13, 0x33,
    0x66, 0x57, 0x76, 0x88, 0x78, 0x87, 0x88, 0x77, 0x76, 0x77, 0x67, 0x76,
    0x77, 0x67, 0x77, 0x77, 0x66, 0x66, 0x66, 0x55, 0x54, 0x44, 0x33, 0x33,
    0x33, 0x33, 0x33, 0x33, 0x33, 0x33, 0x33, 0x31, 0x11, 0x12, 0x22, 0x22,
    0x44, 0x44, 0x44, 0x11, 0x11, 0x11, 0x11, 0x11, 0x11, 0x11, 0x11, 0x11,
    0x11, 0x11, 0x11, 0x11, 0x11, 0x11, 0x11, 0x11, 0x11, 0x11, 0x11, 0x11,
    0x11, 0x11, 0x11, 0x11, 0x11, 0x11, 0x11, 0x11, 0x11, 0x11, 0x10, 0x11,
    0x00, 0x10, 0x01, 0x11, 0x20, 0x01, 0x11, 0x24, 0x45, 0x88, 0x79, 0x98,
    0xA9, 0x8A, 0xA9, 0xA9, 0x9A, 0xA9, 0xAA, 0x9A, 0xA9, 0xAA, 0x9A, 0xA9,
    0xAA, 0x9A, 0xA9, 0xA9, 0x8A, 0xA9, 0x99, 0x89, 0x87, 0x88, 0x78, 0x76,
    0x88, 0x78, 0x87, 0x99, 0x89, 0x98, 0x88, 0x78, 0x87, 0x98, 0x79, 0x87,
    0x87, 0x67, 0x76, 0x87, 0x69, 0x87, 0x99, 0x89, 0x88, 0x98, 0x89, 0x87,
    0x87, 0x68, 0x87, 0x98, 0x78, 0x76, 0x88, 0x69, 0x87, 0x97, 0x69, 0x87,
    0x88, 0x78, 0x87, 0x98, 0x79, 0x87, 0x88, 0x79, 0x87, 0x99, 0x88, 0x87,
    0x98, 0x79, 0x87, 0x98, 0x79, 0x87, 0x98, 0x79, 0x87, 0x98, 0x8A, 0x98,
    0xA9, 0x89, 0x97, 0x99, 0x79, 0x98, 0x22, 0x21, 0x22, 0x22, 0x22, 0x22,
    0x22, 0x22, 0x33, 0x23, 0x32, 0x22, 0x22, 0x24, 0x44, 0x45, 0x44, 0x44,
    0x22, 0x22, 0x22, 0x55, 0x59, 0x99, 0xBB, 0xAA, 0xAA, 0xBB, 0xAA, 0xAA,
    0x99, 0x89, 0x98, 0xAA, 0xAA, 0xAA, 0xBB, 0xAC, 0xCB, 0xDD, 0xCD, 0xDC,
    0xDD, 0xDE, 0xED, 0xDD, 0xDD, 0xDD, 0xDD, 0xCE, 0xED, 0xEE, 0xDD, 0xDC,
    0xCC, 0xCC, 0xCC, 0xBB, 0xBA, 0xAA, 0xDD, 0xCC, 0xDC, 0x44, 0x52, 0x23,
    0x22, 0x32, 0x23, 0x22, 0x32, 0x23, 0x22, 0x32, 0x23, 0x22, 0x32, 0x23,
    0x22, 0x32, 0x23, 0x22, 0x32, 0x23, 0x22, 0x32, 0x23, 0x22, 0x32, 0x23,
    0x22, 0x32, 0x23, 0x22, 0x31, 0x22, 0x00, 0x10, 0x01, 0x00, 0x11, 0x12,
    0x11, 0x32, 0x23, 0xCC, 0xBE, 0xED, 0xEE, 0xDE, 0xEE, 0xEE, 0xEE, 0xEE,
    0xEE, 0xDE, 0xED, 0xEF, 0xEE, 0xEE, 0xEE, 0xDE, 0xEE, 0xEE, 0xEE, 0xED,
    0xDE, 0xDD, 0xDC, 0xDD, 0xCD, 0xDC, 0xDD, 0xCD, 0xDC, 0xDD, 0xDD, 0xDC,
    0xDD, 0xDD, 0xED, 0xEE, 0xDE, 0xED, 0xEE, 0xDE, 0xED, 0xEE, 0xDE, 0xED,
    0xEE, 0xDE, 0xED, 0xFF, 0xED, 0xDC, 0x98, 0x6C, 0xCB, 0xEE, 0xDD, 0xDC,
    0xEE, 0xDE, 0xED, 0xED, 0xDD, 0xDC, 0xDD, 0xCD, 0xDC, 0xDD, 0xCC, 0xCB,
    0xCC, 0xBD, 0xCB, 0xDD, 0xCC, 0xCB, 0xCC, 0xBC, 0xBA, 0xBB, 0xAB, 0xBA,
    0xBB, 0xAB, 0xBA, 0xBB, 0xAB, 0xBA, 0xCC, 0xBC, 0xBA, 0xCB, 0xAB, 0xBA,
    0x44, 0x43, 0x33, 0x33, 0x32, 0x33, 0x33, 0x33, 0x44, 0x34, 0x43, 0x33,
    0x33, 0x33, 0x33, 0x44, 0x46, 0x66, 0x77, 0x78, 0x98, 0xBB, 0xAD, 0xDC,
    0xEE, 0xDD, 0xDC, 0xCC, 0xBB, 0xCB, 0xCC, 0xBD, 0xDC, 0xDD, 0xDD, 0xDD,
    0xDD, 0xDE, 0xED, 0xEF, 0xEE, 0xEE, 0xEE, 0xDE, 0xED, 0xEE, 0xDE, 0xED,
    0xDD, 0xCD, 0xDD, 0xDD, 0xDE, 0xED, 0xEE, 0xDD, 0xDD, 0xDE, 0xDE, 0xED,
    0xEE, 0xDC, 0xCC, 0x55, 0x52, 0x23, 0x23, 0x32, 0x33, 0x22, 0x32, 0x23,
    0x22, 0x32, 0x23, 0x22, 0x32, 0x23, 0x22, 0x32, 0x23, 0x22, 0x32, 0x23,
    0x22, 0x32, 0x23, 0x22, 0x32, 0x23, 0x22, 0x32, 0x23, 0x22, 0x32, 0x22,
    0x11, 0x21, 0x13, 0x22, 0x33, 0x34, 0x22, 0x33, 0x44, 0xCD, 0xCE, 0xED,
    0xEE, 0xDE, 0xED, 0xEE, 0xDE, 0xED, 0xEE, 0xDE, 0xED, 0xEE, 0xDE, 0xED,
    0xEE, 0xDE, 0xED, 0xEE, 0xDD, 0xED, 0xDD, 0xDD, 0xDC, 0xDD, 0xDD, 0xDC,
    0xDD, 0xDD, 0xDC, 0xDD, 0xCD, 0xDC, 0xDD, 0xCD, 0xDC, 0xDD, 0xCD, 0xDC,
    0xEE, 0xDE, 0xED, 0xDD, 0xCD, 0xDD, 0xDE, 0xDE, 0xED, 0xEE, 0xDF, 0xFE,
    0x98, 0x7A, 0x98, 0xEE, 0xDE, 0xED, 0xEE, 0xDE, 0xED, 0xEE, 0xDE, 0xED,
    0xEE, 0xDE, 0xED, 0xEE, 0xDD, 0xED, 0xEE, 0xDE, 0xED, 0xEE, 0xDE, 0xED,
    0xEE, 0xDE, 0xED, 0xDE, 0xDE, 0xED, 0xEE, 0xDE, 0xED, 0xDE, 0xDD, 0xDD,
    0xDE, 0xDE, 0xED, 0xEE, 0xDE, 0xED, 0x56, 0x64, 0x44, 0x33, 0x32, 0x23,
    0x33, 0x34, 0x44, 0x34, 0x42, 0x33, 0x23, 0x32, 0x33, 0x44, 0x48, 0x88,
    0xBB, 0xBD, 0xDC, 0xDD, 0xDD, 0xED, 0xDD, 0xCD, 0xDC, 0xDD, 0xCD, 0xDC,
    0xCD, 0xCC, 0xCC, 0xDD, 0xCE, 0xED, 0xEE, 0xDD, 0xDD, 0xDE, 0xDE, 0xEE,
    0xDD, 0xDE, 0xED, 0xEE, 0xDD, 0xDD, 0xDD, 0xDD, 0xDC, 0xDD, 0xCD, 0xDD,
    0xDE, 0xDD, 0xED, 0xDD, 0xCD, 0xDC, 0xDE, 0xDE, 0xED, 0xCD, 0xC6, 0x66,
    0x22, 0x32, 0x23, 0x23, 0x32, 0x33, 0x23, 0x32, 0x33, 0x23, 0x32, 0x23,
    0x22, 0x32, 0x23, 0x23, 0x32, 0x23, 0x22, 0x32, 0x23, 0x22, 0x32, 0x23,
    0x22, 0x32, 0x23, 0x22, 0x32, 0x34, 0x46, 0x74, 0x56, 0x34, 0x63, 0x45,
    0x23, 0x49, 0x99, 0xEE, 0xDD, 0xDC, 0xDD, 0xDE, 0xED, 0xEE, 0xDE, 0xED,
    0xEE, 0xDE, 0xED, 0xEE, 0xDE, 0xED, 0xEE, 0xDE, 0xED, 0xEE, 0xDE, 0xED,
    0xDE, 0xDD, 0xED, 0xEE, 0xDD, 0xDC, 0xDD, 0xCD, 0xDD, 0xDD, 0xCD, 0xDD,
    0xDD, 0xDD, 0xDD, 0xEE, 0xDD, 0xDD, 0xDD, 0xDE, 0xED, 0xDD, 0xDD, 0xED,
    0xEE, 0xDE, 0xED, 0xEE, 0xDE, 0xEE, 0xCC, 0xB9, 0x87, 0xEE, 0xDE, 0xED,
    0xEE, 0xDE, 0xED, 0xEE, 0xDE, 0xED, 0xEE, 0xDE, 0xED, 0xEE, 0xDE, 0xED,
    0xEE, 0xDE, 0xED, 0xEE, 0xDE, 0xED, 0xEE, 0xDE, 0xED, 0xDE, 0xDE, 0xED,
    0xEE, 0xDE, 0xED, 0xEE, 0xDE, 0xED, 0xDD, 0xCD, 0xDD, 0xEE, 0xDE, 0xED,
    0x78, 0x78, 0x87, 0x66, 0x66, 0x66, 0x78, 0x78, 0x98, 0x88, 0x85, 0x55,
    0x33, 0x33, 0x34, 0x55, 0x56, 0x66, 0x89, 0x8B, 0xBB, 0xDD, 0xDD, 0xDC,
    0xDD, 0xDE, 0xED, 0xDD, 0xDC, 0xDC, 0xCC, 0xCC, 0xDC, 0xDD, 0xCD, 0xED,
    0xDD, 0xCD, 0xDD, 0xDE, 0xDE, 0xED, 0xDE, 0xDD, 0xDD, 0xDD, 0xDD, 0xDC,
    0xDD, 0xCC, 0xDC, 0xDD, 0xCD, 0xDD, 0xDE, 0xDD, 0xED, 0xDD, 0xCD, 0xDD,
    0xEE, 0xDE, 0xED, 0xEE, 0xEB, 0xBB, 0x88, 0x88, 0x88, 0x55, 0x52, 0x33,
    0x23, 0x32, 0x33, 0x23, 0x32, 0x23, 0x22, 0x32, 0x23, 0x22, 0x32, 0x23,
    0x22, 0x32, 0x23, 0x22, 0x21, 0x22, 0x22, 0x22, 0x23, 0x22, 0x23, 0x45,
    0x79, 0xA6, 0x8A, 0x68, 0xA7, 0x9A, 0x78, 0x9C, 0xCC, 0xEE, 0xDD, 0xED,
    0xEE, 0xDD, 0xED, 0xEE, 0xDE, 0xED, 0xDD, 0xDD, 0xDD, 0xDE, 0xDD, 0xDC,
    0xDD, 0xCD, 0xED, 0xDE, 0xDD, 0xED, 0xEE, 0xDE, 0xED, 0xEE, 0xDD, 0xDD,
    0xDD, 0xCD, 0xDC, 0xDD, 0xCD, 0xDC, 0xDD, 0xDD, 0xDC, 0xDE, 0xDE, 0xED,
    0xDD, 0xDE, 0xED, 0xEE, 0xDE, 0xED, 0xEE, 0xDE, 0xED, 0xEE, 0xDE, 0xEE,
    0xEE, 0xE9, 0x98, 0xBB, 0xAE, 0xEE, 0xEE, 0xDE, 0xED, 0xEE, 0xEE, 0xED,
    0xEE, 0xDE, 0xED, 0xEE, 0xDE, 0xED, 0xEE, 0xDE, 0xED, 0xEE, 0xDE, 0xED,
    0xEE, 0xDE, 0xED, 0xEE, 0xDE, 0xED, 0xEE, 0xDD, 0xDC, 0xEE, 0xDE, 0xED,
    0xEE, 0xDE, 0xED, 0xEE, 0xDD, 0xED, 0x88, 0x8A, 0xA9, 0xBB, 0xBC, 0xDC,
    0xDD, 0xDD, 0xDD, 0xCC, 0xCB, 0xBB, 0x99, 0x99, 0x98, 0xBB, 0xBC, 0xDC,
    0xDD, 0xCD, 0xDC, 0xDD, 0xDD, 0xDD, 0xDD, 0xDD, 0xDD, 0xDD, 0xCD, 0xDC,
    0xDD, 0xDD, 0xED, 0xDE, 0xDD, 0xED, 0xEE, 0xDE, 0xED, 0xEE, 0xDE, 0xED,
    0xDD, 0xDD, 0xDD, 0xDD, 0xCD, 0xDD, 0xDD, 0xCD, 0xDC, 0xDD, 0xDE, 0xED,
    0xDE, 0xDE, 0xED, 0xEE, 0xDE, 0xED, 0xEE, 0xDE, 0xED, 0xEE, 0xDE, 0xED,
    0xEE, 0xEB, 0xBA, 0x56, 0x62, 0x33, 0x33, 0x42, 0x33, 0x12, 0x32, 0x23,
    0x22, 0x31, 0x23, 0x22, 0x32, 0x23, 0x34, 0x45, 0x55, 0x99, 0x97, 0x88,
    0x34, 0x41, 0x12, 0x22, 0x25, 0x78, 0x69, 0xB6, 0x9B, 0x69, 0xB7, 0x9B,
    0x89, 0xBE, 0xEE, 0xEE, 0xDE, 0xED, 0xEE, 0xDE, 0xED, 0xEE, 0xDD, 0xED,
    0xDE, 0xDD, 0xDC, 0xDD, 0xCD, 0xDC, 0xDD, 0xCD, 0xDC, 0xDD, 0xCD, 0xDC,
    0xDD, 0xDD, 0xED, 0xDD, 0xDD, 0xDD, 0xDD, 0xCD, 0xDC, 0xDD, 0xCD, 0xDC,
    0xDD, 0xDE, 0xED, 0xEE, 0xDE, 0xED, 0xEE, 0xDD, 0xED, 0xEE, 0xDE, 0xED,
    0xEE, 0xDD, 0xDD, 0xDD, 0xDE, 0xED, 0xEF, 0xEB, 0xAA, 0x87, 0x7E, 0xED,
    0xEE, 0xDE, 0xED, 0xEE, 0xDE, 0xED, 0xEE, 0xDE, 0xED, 0xEE, 0xDE, 0xED,
    0xEE, 0xDE, 0xED, 0xEE, 0xDE, 0xED, 0xDE, 0xDD, 0xDD, 0xEE, 0xDE, 0xED,
    0xEE, 0xDD, 0xDD, 0xEE, 0xDE, 0xED, 0xEE, 0xDE, 0xED, 0xEE, 0xDD, 0xED,
    0xEE, 0xEE, 0xEE, 0xEF, 0xEE, 0xEE, 0xEE, 0xEE, 0xED, 0xEE, 0xDE, 0xED,
    0xDD, 0xDD, 0xDD, 0xEE, 0xDD, 0xDD, 0xCD, 0xCC, 0xDC, 0xDD, 0xDD, 0xED,
    0xEE, 0xDD, 0xDC, 0xCC, 0xBC, 0xDC, 0xDD, 0xCD, 0xDC, 0xDD, 0xCD, 0xDC,
    0xDD, 0xCD, 0xDC, 0xDD, 0xDD, 0xDD, 0xDD, 0xDD, 0xDD, 0xDD, 0xCD, 0xDC,
    0xDD, 0xDD, 0xDC, 0xDD, 0xCD, 0xDD, 0xDD, 0xDE, 0xED, 0xEE, 0xDE, 0xED,
    0xDE, 0xDD, 0xDD, 0xDD, 0xDD, 0xDD, 0xDD, 0xDD, 0xDC, 0xDD, 0xCB, 0xBB,
    0xCD, 0xCA, 0xBA, 0x78, 0x86, 0x77, 0x67, 0x78, 0x98, 0xAA, 0xA9, 0x99,
    0xCD, 0xCD, 0xDD, 0xDD, 0xCE, 0xED, 0xDD, 0xD7, 0x77, 0x34, 0x55, 0x8B,
    0x58, 0xA6, 0x9C, 0x59, 0xC5, 0x8A, 0x8A, 0xBE, 0xEE, 0xEE, 0xDE, 0xED,
    0xEE, 0xDD, 0xED, 0xEE, 0xDD, 0xDD, 0xDD, 0xDD, 0xDD, 0xDD, 0xDD, 0xDD,
    0xDD, 0xCD, 0xDC, 0xDD, 0xCD, 0xDC, 0xDD, 0xCD, 0xDC, 0xDD, 0xDD, 0xDD,
    0xDD, 0xCC, 0xDC, 0xCC, 0xCD, 0xDC, 0xDD, 0xCD, 0xED, 0xEE, 0xDE, 0xED,
    0xEE, 0xDE, 0xED, 0xDE, 0xDD, 0xDC, 0xDD, 0xDE, 0xED, 0xEE, 0xDE, 0xEE,
    0xFF, 0xEE, 0xED, 0x87, 0x6C, 0xCB, 0xFF, 0xEE, 0xED, 0xEE, 0xDE, 0xED,
    0xEE, 0xDE, 0xED, 0xEE, 0xDE, 0xED, 0xEE, 0xDE, 0xED, 0xEE, 0xDD, 0xDD,
    0xEE, 0xDE, 0xED, 0xDE, 0xDE, 0xED, 0xEE, 0xDE, 0xED, 0xEE, 0xDE, 0xED,
    0xEE, 0xDE, 0xED, 0xDD, 0xDE, 0xED, 0xEF, 0xEE, 0xEE, 0xEE, 0xEE, 0xEE,
    0xEE, 0xDD, 0xDD, 0xDE, 0xDE, 0xED, 0xEE, 0xDE, 0xED, 0xDD, 0xDD, 0xDC,
    0xCC, 0xCC, 0xCC, 0xDD, 0xCD, 0xDD, 0xDD, 0xDC, 0xCC, 0xCC, 0xCC, 0xDC,
    0xCC, 0xBC, 0xCC, 0xCD, 0xCD, 0xDC, 0xDD, 0xCD, 0xDC, 0xDD, 0xDD, 0xDD,
    0xDD, 0xDD, 0xDC, 0xDD, 0xDD, 0xDC, 0xDD, 0xCD, 0xDC, 0xDD, 0xDD, 0xED,
    0xDD, 0xDD, 0xDD, 0xDD, 0xDD, 0xDD, 0xEE, 0xDD, 0xDD, 0xDD, 0xDE, 0xED,
    0xDD, 0xDD, 0xDC, 0xDE, 0xDE, 0xED, 0xEE, 0xDD, 0xED, 0xEE, 0xDE, 0xED,
    0xEE, 0xDE, 0xED, 0xEE, 0xDE, 0xED, 0xDD, 0xDD, 0xDC, 0xDD, 0xDD, 0xDD,
    0xDE, 0xDE, 0xED, 0x89, 0xA6, 0x9B, 0x68, 0xA7, 0x9B, 0x69, 0xB4, 0x79,
    0xAB, 0xCE, 0xED, 0xEE, 0xDE, 0xED, 0xEE, 0xDE, 0xED, 0xEE, 0xDE, 0xED,
    0xDE, 0xDD, 0xDD, 0xDD, 0xCD, 0xDD, 0xDD, 0xCD, 0xDC, 0xDD, 0xCD, 0xDC,
    0xDD, 0xCD, 0xDC, 0xDD, 0xCD, 0xDC, 0xDD, 0xCC, 0xCC, 0xDD, 0xCD, 0xDC,
    0xDD, 0xCD, 0xDC, 0xDD, 0xDD, 0xDD, 0xDD, 0xCD, 0xDD, 0xDD, 0xDD, 0xDC,
    0xDD, 0xDD, 0xED, 0xEE, 0xDE, 0xED, 0xEE, 0xEE, 0xFE, 0xBA, 0x98, 0x87,
    0xEE, 0xDE, 0xEE, 0xEE, 0xDE, 0xED, 0xEE, 0xDE, 0xED, 0xEE, 0xDE, 0xED,
    0xEE, 0xDE, 0xED, 0xEE, 0xDE, 0xED, 0xEE, 0xDE, 0xED, 0xEE, 0xDE, 0xED,
    0xDE, 0xDD, 0xED, 0xDD, 0xDE, 0xED, 0xEE, 0xDE, 0xED, 0xDD, 0xDD, 0xDC,
    0xEE, 0xEE, 0xEE, 0xEE, 0xEE, 0xED, 0xDD, 0xDD, 0xDD, 0xDD, 0xDD, 0xDD,
    0xEE, 0xDD, 0xDD, 0xDD, 0xCD, 0xDC, 0xCD, 0xCC, 0xDC, 0xCC, 0xCC, 0xCC,
    0xCC, 0xCC, 0xCC, 0xCC, 0xCC, 0xCC, 0xCC, 0xBB, 0xBA, 0xCC, 0xBC, 0xCC,
    0xCC, 0xBC, 0xCC, 0xDD, 0xCD, 0xDD, 0xDD, 0xCD, 0xDC, 0xCC, 0xCC, 0xCB,
    0xCC, 0xCD, 0xDC, 0xCD, 0xCC, 0xDC, 0xDD, 0xCD, 0xDC, 0xDD, 0xCD, 0xDC,
    0xDD, 0xCD, 0xDC, 0xDD, 0xCD, 0xDD, 0xDD, 0xCD, 0xDC, 0xDD, 0xCD, 0xDC,
    0xDD, 0xCD, 0xDD, 0xDE, 0xDE, 0xED, 0xDD, 0xDD, 0xDD, 0xEE, 0xDD, 0xED,
    0xDD, 0xDD, 0xDC, 0xDE, 0xDD, 0xDD, 0xDD, 0xCC, 0xCB, 0x78, 0x97, 0xAC,
    0x8A, 0xC8, 0xBD, 0x6A, 0xC6, 0x9B, 0xDE, 0xED, 0xDD, 0xEE, 0xDD, 0xED,
    0xEE, 0xDD, 0xED, 0xDE, 0xDD, 0xDD, 0xDE, 0xDD, 0xDD, 0xDD, 0xDD, 0xDC,
    0xDD, 0xCD, 0xDC, 0xDD, 0xCD, 0xDD, 0xDD, 0xCD, 0xDC, 0xCC, 0xCD, 0xDC,
    0xDD, 0xCD, 0xDC, 0xDD, 0xCD, 0xDC, 0xDD, 0xCD, 0xDC, 0xEE, 0xDD, 0xDD,
    0xDD, 0xCD, 0xDC, 0xDD, 0xDD, 0xDC, 0xDD, 0xDD, 0xED, 0xDE, 0xDE, 0xED,
    0xEE, 0xDE, 0xED, 0xDD, 0xD7, 0x76, 0xCC, 0xBE, 0xEE, 0xEE, 0xDE, 0xED,
    0xDD, 0xCD, 0xDC, 0xDD, 0xDD, 0xDD, 0xEE, 0xDE, 0xED, 0xEE, 0xDE, 0xED,
    0xDE, 0xDE, 0xED, 0xEE, 0xDD, 0xED, 0xDD, 0xDD, 0xDC, 0xDD, 0xCD, 0xED,
    0xEE, 0xDE, 0xED, 0xEE, 0xDD, 0xDC, 0xEE, 0xDE, 0xEE, 0xDE, 0xDD, 0xDC,
    0xDD, 0xCD, 0xDD, 0xDD, 0xDD, 0xDC, 0xDD, 0xCC, 0xCC, 0xCD, 0xCC, 0xCC,
    0xCC, 0xCC, 0xDC, 0xCD, 0xCD, 0xDC, 0xCC, 0xCD, 0xDC, 0xCC, 0xCC, 0xCB,
    0xBB, 0xBC, 0xCB, 0xBB, 0xBB, 0xBB, 0xCC, 0xCD, 0xDC, 0xDD, 0xDD, 0xDD,
    0xDD, 0xCD, 0xDC, 0xDD, 0xCC, 0xCC, 0xCC, 0xCD, 0xDC, 0xDD, 0xCC, 0xDC,
    0xDD, 0xCD, 0xDC, 0xDD, 0xCD, 0xDC, 0xDD, 0xCD, 0xDC, 0xDD, 0xCD, 0xDC,
    0xDD, 0xCC, 0xDC, 0xDD, 0xCD, 0xDC, 0xDD, 0xCD, 0xDC, 0xDD, 0xCD, 0xDC,
    0xDD, 0xDD, 0xDD, 0xDD, 0xDD, 0xDD, 0xDD, 0xDD, 0xDD, 0xDD, 0xDD, 0xDC,
    0xDD, 0xDB, 0xBB, 0x57, 0x78, 0xBB, 0xAC, 0xD8, 0xBC, 0x8A, 0xBD, 0xEE,
    0xEE, 0xED, 0xDD, 0xDD, 0xDD, 0xDD, 0xDD, 0xDD, 0xED, 0xDD, 0xCD, 0xDC,
    0xDD, 0xCD, 0xDD, 0xDD, 0xCD, 0xDC, 0xDD, 0xCC, 0xDC, 0xDD, 0xCD, 0xDC,
    0xDD, 0xCD, 0xDC, 0xCD, 0xCC, 0xDC, 0xDD, 0xCD, 0xDC, 0xDD, 0xCD, 0xDC,
    0xDD, 0xCD, 0xDC, 0xDE, 0xDE, 0xED, 0xEE, 0xDE, 0xED, 0xEE, 0xDD, 0xDC,
    0xDD, 0xDE, 0xED, 0xEE, 0xDE, 0xED, 0xEE, 0xDD, 0xED, 0xEE, 0xE9, 0x98,
    0x99, 0x8E, 0xEE, 0xEE, 0xDE, 0xED, 0xDE, 0xDD, 0xDC, 0xEE, 0xDE, 0xED,
    0xEE, 0xDD, 0xED, 0xDD, 0xDD, 0xED, 0xDD, 0xDD, 0xDD, 0xDD, 0xCD, 0xDD,
    0xEE, 0xDD, 0xED, 0xDE, 0xDD, 0xDD, 0xDD, 0xDE, 0xED, 0xEE, 0xDE, 0xED,
    0xEE, 0xDD, 0xDD, 0xDD, 0xDD, 0xDC, 0xDD, 0xDD, 0xDC, 0xDD, 0xCC, 0xDC,
    0xCC, 0xCB, 0xCB, 0xCC, 0xBC, 0xCC, 0xCC, 0xBB, 0xBB, 0xCC, 0xCC, 0xCB,
    0xCC, 0xBC, 0xCB, 0xCC, 0xBC, 0xCB, 0xBB, 0xAB, 0xBB, 0xCC, 0xBB, 0xBB,
    0xCC, 0xBC, 0xCC, 0xCD, 0xCC, 0xDC, 0xCD, 0xCD, 0xDC, 0xCC, 0xBC, 0xCC,
    0xDD, 0xCD, 0xDD, 0xDD, 0xCD, 0xDC, 0xCC, 0xBC, 0xCC, 0xCD, 0xCC, 0xDC,
    0xDD, 0xCD, 0xDC, 0xDD, 0xCD, 0xDC, 0xDD, 0xCD, 0xDC, 0xDD, 0xCD, 0xDC,
    0xDD, 0xCD, 0xDC, 0xCD, 0xCD, 0xDC, 0xDD, 0xCD, 0xDC, 0xDD, 0xDD, 0xDD,
    0xDD, 0xDD, 0xDD, 0xDD, 0xDD, 0xDC, 0xDE, 0xDA, 0xA9, 0x77, 0x7C, 0xCC,
    0xDD, 0xDC, 0xDD, 0xDD, 0xDC, 0xCC, 0xCC, 0xCD, 0xDC, 0xDD, 0xCD, 0xDC,
    0xDD, 0xCD, 0xDC, 0xDD, 0xCD, 0xDC, 0xDD, 0xDD, 0xDC, 0xDD, 0xCD, 0xDC,
    0xDD, 0xCD, 0xDC, 0xCC, 0xCC, 0xCC, 0xDD, 0xCC, 0xDC, 0xDD, 0xCD, 0xDC,
    0xDD, 0xCD, 0xDC, 0xDD, 0xCC, 0xDC, 0xCD, 0xCD, 0xDC, 0xDD, 0xCE, 0xED,
    0xEE, 0xDE, 0xED, 0xDD, 0xDD, 0xDC, 0xDD, 0xCD, 0xDC, 0xDD, 0xCD, 0xDD,
    0xDD, 0xDD, 0xED, 0xEE, 0xDD, 0xDC, 0x77, 0x6D, 0xDC, 0xEE, 0xDE, 0xED,
    0xEE, 0xDE, 0xED, 0xEE, 0xDE, 0xED, 0xEE, 0xDD, 0xED, 0xDE, 0xDD, 0xDD,
    0xDD, 0xDD, 0xDC, 0xCC, 0xBC, 0xCB, 0xDD, 0xCD, 0xDD, 0xDD, 0xCD, 0xDC,
    0xDD, 0xCD, 0xDC, 0xDD, 0xCD, 0xDC, 0xEE, 0xDD, 0xDD, 0xEE, 0xDD, 0xED,
    0xDD, 0xDD, 0xDC, 0xDD, 0xCD, 0xDD, 0xDD, 0xCD, 0xDC, 0xDD, 0xCC, 0xCB,
    0xBB, 0xBB, 0xBB, 0xCC, 0xBC, 0xCB, 0xBB, 0xBB, 0xCB, 0xBB, 0xBB, 0xBB,
    0xBB, 0xBB, 0xBB, 0xCC, 0xBC, 0xDC, 0xCD, 0xCC, 0xCC, 0xCC, 0xCC, 0xCB,
    0xCC, 0xCC, 0xCC, 0xDD, 0xCD, 0xDC, 0xDD, 0xCD, 0xDC, 0xDD, 0xCC, 0xCC,
    0xCC, 0xBD, 0xDC, 0xCD, 0xCC, 0xCC, 0xCC, 0xBD, 0xDC, 0xDD, 0xCD, 0xDD,
    0xDD, 0xDD, 0xDC, 0xCD, 0xCD, 0xDC, 0xDD, 0xCD, 0xDC, 0xDD, 0xCD, 0xDC,
    0xDD, 0xCD, 0xDC, 0xDD, 0xCC, 0xDC, 0xDD, 0xDD, 0xDD, 0xDD, 0xCD, 0xDC,
    0xDD, 0xCD, 0xDC, 0x77, 0x75, 0x55, 0x66, 0x68, 0x88, 0xAA, 0x9C, 0xCC,
    0xDD, 0xDD, 0xDC, 0xDD, 0xCD, 0xDC, 0xDD, 0xCD, 0xED, 0xDD, 0xCD, 0xDC,
    0xDD, 0xCD, 0xDC, 0xDD, 0xCD, 0xDC, 0xDD, 0xCD, 0xDC, 0xCD, 0xCD, 0xDC,
    0xCC, 0xCC, 0xCC, 0xCD, 0xCD, 0xDC, 0xDD, 0xCD, 0xDC, 0xDD, 0xCD, 0xDC,
    0xDD, 0xDD, 0xDC, 0xDD, 0xCD, 0xDC, 0xEE, 0xDD, 0xDD, 0xDD, 0xCD, 0xDD,
    0xDD, 0xCD, 0xDC, 0xDD, 0xCD, 0xDD, 0xDD, 0xDD, 0xDD, 0xDD, 0xCE, 0xED,
    0x98, 0x7A, 0xA9, 0xEE, 0xDD, 0xED, 0xDE, 0xDE, 0xED, 0xEE, 0xDE, 0xED,
    0xEE, 0xDD, 0xED, 0xDE, 0xDD, 0xDD, 0xDD, 0xCD, 0xDC, 0xDD, 0xCD, 0xDC,
    0xCD, 0xCC, 0xCB, 0xDD, 0xCD, 0xDC, 0xCC, 0xCD, 0xDC, 0xDD, 0xCD, 0xDC,
    0xDE, 0xDD, 0xDD, 0xDD, 0xDD, 0xDD, 0xDD, 0xDD, 0xDD, 0xDD, 0xDD, 0xDC,
    0xDD, 0xDD, 0xDC, 0xCC, 0xBB, 0xBB, 0xCC, 0xBC, 0xCC, 0xCC, 0xCC, 0xCC,
    0xCC, 0xCC, 0xCB, 0xCC, 0xBC, 0xCB, 0xBB, 0xBC, 0xCB, 0xCC, 0xBD, 0xDC,
    0xDD, 0xCC, 0xCC, 0xCC, 0xCB, 0xCB, 0xCC, 0xBC, 0xCB, 0xCD, 0xCD, 0xDC,
    0xDD, 0xCD, 0xDC, 0xDD, 0xDD, 0xDC, 0xDD, 0xDD, 0xDC, 0xDD, 0xCD, 0xDC,
    0xDD, 0xCD, 0xDD, 0xDD, 0xDD, 0xDD, 0xDD, 0xDD, 0xDC, 0xCC, 0xCD, 0xDC,
    0xDD, 0xCD, 0xDC, 0xDD, 0xCC, 0xDC, 0xDD, 0xCD, 0xDC, 0xDD, 0xDD, 0xDD,
    0xDD, 0xDD, 0xDC, 0xCD, 0xCD, 0xDC, 0xDD, 0xCD, 0xDD, 0xEE, 0xDD, 0xDC,
    0xDD, 0xCE, 0xED, 0xEE, 0xDD, 0xED, 0xDD, 0xCD, 0xDD, 0xDD, 0xDD, 0xDC,
    0xDD, 0xCD, 0xDC, 0xDD, 0xCD, 0xDC, 0xDD, 0xCD, 0xDC, 0xDD, 0xDD, 0xDC,
    0xDD, 0xCD, 0xDC, 0xDD, 0xCD, 0xDC, 0xCC, 0xCC, 0xDC, 0xDD, 0xCD, 0xDC,
    0xCD, 0xCD, 0xDC, 0xDD, 0xCD, 0xDD, 0xDD, 0xDD, 0xDC, 0xDD, 0xCD, 0xDC,
    0xDD, 0xDD, 0xDC, 0xDD, 0xCD, 0xDC, 0xDD, 0xCD, 0xDD, 0xEE, 0xDD, 0xDD,
    0xDD, 0xDE, 0xED, 0xEE, 0xDE, 0xED, 0xCC, 0xB7, 0x76, 0xDD, 0xCE, 0xED,
    0xEE, 0xDE, 0xED, 0xEE, 0xDE, 0xED, 0xEE, 0xDE, 0xED, 0xEE, 0xDD, 0xDD,
    0xDD, 0xCD, 0xDC, 0xDD, 0xCC, 0xCB, 0xCC, 0xBD, 0xDC, 0xDD, 0xCD, 0xDC,
    0xDD, 0xCD, 0xDC, 0xDD, 0xCD, 0xDC, 0xDE, 0xDD, 0xDD, 0xDD, 0xDD, 0xED,
    0xDD, 0xDD, 0xDC, 0xCD, 0xCD, 0xDD, 0xDD, 0xDC, 0xCC, 0xCC, 0xBC, 0xCC,
    0xCD, 0xCC, 0xCC, 0xCD, 0xCC, 0xCC, 0xBC, 0xBB, 0xCB, 0xCC, 0xBC, 0xCC,
    0xCC, 0xBC, 0xCB, 0xCC, 0xBC, 0xCC, 0xCC, 0xBC, 0xCB, 0xCC, 0xBC, 0xCB,
    0xCC, 0xCC, 0xCB, 0xCC, 0xCC, 0xCC, 0xDD, 0xCD, 0xDC, 0xDD, 0xDD, 0xDD,
    0xCD, 0xCC, 0xCC, 0xCC, 0xCD, 0xDC, 0xDD, 0xCD, 0xDC, 0xDD, 0xCD, 0xDD,
    0xDD, 0xDC, 0xDC, 0xCD, 0xCD, 0xDC, 0xCC, 0xCC, 0xDC, 0xDD, 0xCD, 0xDC,
    0xDD, 0xCD, 0xDC, 0xDD, 0xDE, 0xED, 0xDE, 0xDD, 0xDC, 0xDD, 0xCD, 0xDC,
    0xDD, 0xCD, 0xDC, 0xDD, 0xCD, 0xDC, 0xDD, 0xDD, 0xDC, 0xDD, 0xCC, 0xDC,
    0xCD, 0xCD, 0xDC, 0xDD, 0xDD, 0xDD, 0xDD, 0xCD, 0xDC, 0xDD, 0xCD, 0xDC,
    0xCD, 0xCD, 0xDC, 0xDD, 0xDD, 0xDC, 0xDD, 0xCD, 0xDC, 0xDD, 0xCD, 0xDC,
    0xCC, 0xCC, 0xCC, 0xDD, 0xCC, 0xCC, 0xCD, 0xCD, 0xDC, 0xDD, 0xCD, 0xDC,
    0xDD, 0xCD, 0xDD, 0xDD, 0xDD, 0xDC, 0xDD, 0xCD, 0xDC, 0xDD, 0xCD, 0xDC,
    0xDD, 0xCD, 0xDC, 0xDD, 0xCD, 0xDC, 0xDE, 0xDD, 0xDD, 0xDE, 0xDE, 0xED,
    0xEE, 0xD8, 0x76, 0xAA, 0x9E, 0xED, 0xEE, 0xDE, 0xED, 0xEE, 0xDE, 0xED,
    0xEE, 0xDE, 0xED, 0xCC, 0xBB, 0xCB, 0xDD, 0xDD, 0xDC, 0xDD, 0xCD, 0xDC,
    0xDD, 0xCD, 0xDC, 0xDD, 0xCD, 0xDC, 0xDD, 0xCD, 0xDC, 0xDD, 0xCD, 0xDC,
};

#endif
